DATAFLOW,COLLECTION,REF_AREA,FREQ,SURVEY,MEASURE,SEX,ECO,TIME_PERIOD,OBS_VALUE,T3,S3,T12,I13,S11,S4,R1,T5,S14,I11,S7,S9,C5,S5,T2,OBS_STATUS,UNIT_MEASURE_TYPE,UNIT_MEASURE,UNIT_MULT,FREE_TEXT_NOTE,DECIMALS,SOURCE,INDICATOR
ILO:DF_YI_KOS_EMP_TEMP_SEX_ECO_DT(1.0),YI,KOS,A,700,EMP_TEMP_DT,SEX_M,ECO_SECTOR_X,2012,0.41,,,,,,,3513,,,,,,,,,,DT,PT,0,,1,BA,EMP_TEMP_SEX_ECO_DT
ILO:DF_YI_KOS_EMP_TEMP_SEX_ECO_DT(1.0),YI,KOS,A,700,EMP_TEMP_DT,SEX_T,ECO_ISIC4_TOTAL,2012,100,,,,,,,3513,,,,,,,,,,DT,PT,0,,1,BA,EMP_TEMP_SEX_ECO_DT
ILO:DF_YI_KOS_EMP_TEMP_SEX_ECO_DT(1.0),YI,KOS,A,700,EMP_TEMP_DT,SEX_T,ECO_ISIC4_TOTAL,2014,100,,,,,,,,,,,,,,,,,DT,PT,0,,1,BA,EMP_TEMP_SEX_ECO_DT
ILO:DF_YI_KOS_EMP_TEMP_SEX_ECO_DT(1.0),YI,KOS,A,700,EMP_TEMP_DT,SEX_T,ECO_ISIC4_TOTAL,2015,100,,,,,,,,,,,,,,,,,DT,PT,0,,1,BA,EMP_TEMP_SEX_ECO_DT
ILO:DF_YI_KOS_EMP_TEMP_SEX_ECO_DT(1.0),YI,KOS,A,700,EMP_TEMP_DT,SEX_T,ECO_ISIC4_TOTAL,2016,100,,,,,,,,,,,,,,,,,DT,PT,0,,1,BA,EMP_TEMP_SEX_ECO_DT
ILO:DF_YI_KOS_EMP_TEMP_SEX_ECO_DT(1.0),YI,KOS,A,700,EMP_TEMP_DT,SEX_T,ECO_ISIC4_B,2012,1.16,,,,,,,3513,,,,,,,,,,DT,PT,0,,1,BA,EMP_TEMP_SEX_ECO_DT
ILO:DF_YI_KOS_EMP_TEMP_SEX_ECO_DT(1.0),YI,KOS,A,700,EMP_TEMP_DT,SEX_T,ECO_ISIC4_B,2015,0.85,,,,,,,,,,,,,,,,,DT,PT,0,,1,BA,EMP_TEMP_SEX_ECO_DT
ILO:DF_YI_KOS_EMP_TEMP_SEX_ECO_DT(1.0),YI,KOS,A,700,EMP_TEMP_DT,SEX_T,ECO_ISIC4_B,2014,1.12,,,,,,,,,,,,,,,,,DT,PT,0,,1,BA,EMP_TEMP_SEX_ECO_DT
ILO:DF_YI_KOS_EMP_TEMP_SEX_ECO_DT(1.0),YI,KOS,A,700,EMP_TEMP_DT,SEX_T,ECO_ISIC4_B,2016,1.07,,,,,,,,,,,,,,,,,DT,PT,0,,1,BA,EMP_TEMP_SEX_ECO_DT
ILO:DF_YI_KOS_EMP_TEMP_SEX_ECO_DT(1.0),YI,KOS,A,700,EMP_TEMP_DT,SEX_T,ECO_ISIC4_E,2012,1.12,,,,,,,3513,,,,,,,,,,DT,PT,0,,1,BA,EMP_TEMP_SEX_ECO_DT
ILO:DF_YI_KOS_EMP_TEMP_SEX_ECO_DT(1.0),YI,KOS,A,700,EMP_TEMP_DT,SEX_T,ECO_ISIC4_E,2014,1.04,,,,,,,,,,,,,,,,,DT,PT,0,,1,BA,EMP_TEMP_SEX_ECO_DT
ILO:DF_YI_KOS_EMP_TEMP_SEX_ECO_DT(1.0),YI,KOS,A,700,EMP_TEMP_DT,SEX_T,ECO_ISIC4_E,2016,2.02,,,,,,,,,,,,,,,,,DT,PT,0,,1,BA,EMP_TEMP_SEX_ECO_DT
ILO:DF_YI_KOS_EMP_TEMP_SEX_ECO_DT(1.0),YI,KOS,A,700,EMP_TEMP_DT,SEX_T,ECO_ISIC4_E,2015,1.49,,,,,,,,,,,,,,,,,DT,PT,0,,1,BA,EMP_TEMP_SEX_ECO_DT
ILO:DF_YI_KOS_EMP_TEMP_SEX_ECO_DT(1.0),YI,KOS,A,700,EMP_TEMP_DT,SEX_T,ECO_ISIC4_G,2012,13.27,,,,,,,3513,,,,,,,,,,DT,PT,0,,1,BA,EMP_TEMP_SEX_ECO_DT
ILO:DF_YI_KOS_EMP_TEMP_SEX_ECO_DT(1.0),YI,KOS,A,700,EMP_TEMP_DT,SEX_T,ECO_ISIC4_G,2014,14.38,,,,,,,,,,,,,,,,,DT,PT,0,,1,BA,EMP_TEMP_SEX_ECO_DT
ILO:DF_YI_KOS_EMP_TEMP_SEX_ECO_DT(1.0),YI,KOS,A,700,EMP_TEMP_DT,SEX_T,ECO_ISIC4_G,2016,14.82,,,,,,,,,,,,,,,,,DT,PT,0,,1,BA,EMP_TEMP_SEX_ECO_DT
ILO:DF_YI_KOS_EMP_TEMP_SEX_ECO_DT(1.0),YI,KOS,A,700,EMP_TEMP_DT,SEX_T,ECO_ISIC4_G,2015,14.37,,,,,,,,,,,,,,,,,DT,PT,0,,1,BA,EMP_TEMP_SEX_ECO_DT
ILO:DF_YI_KOS_EMP_TEMP_SEX_ECO_DT(1.0),YI,KOS,A,700,EMP_TEMP_DT,SEX_T,ECO_ISIC4_Q,2012,7.47,,,,,,,3513,,,,,,,,,,DT,PT,0,,1,BA,EMP_TEMP_SEX_ECO_DT
ILO:DF_YI_KOS_EMP_TEMP_SEX_ECO_DT(1.0),YI,KOS,A,700,EMP_TEMP_DT,SEX_T,ECO_ISIC4_Q,2016,5.63,,,,,,,,,,,,,,,,,DT,PT,0,,1,BA,EMP_TEMP_SEX_ECO_DT
ILO:DF_YI_KOS_EMP_TEMP_SEX_ECO_DT(1.0),YI,KOS,A,700,EMP_TEMP_DT,SEX_T,ECO_ISIC4_Q,2014,7.24,,,,,,,,,,,,,,,,,DT,PT,0,,1,BA,EMP_TEMP_SEX_ECO_DT
ILO:DF_YI_KOS_EMP_TEMP_SEX_ECO_DT(1.0),YI,KOS,A,700,EMP_TEMP_DT,SEX_T,ECO_ISIC4_Q,2015,6.22,,,,,,,,,,,,,,,,,DT,PT,0,,1,BA,EMP_TEMP_SEX_ECO_DT
ILO:DF_YI_KOS_EMP_TEMP_SEX_ECO_DT(1.0),YI,KOS,A,700,EMP_TEMP_DT,SEX_T,ECO_ISIC4_S,2012,3.90,,,,,,,3513,,,,,,,,,,DT,PT,0,,1,BA,EMP_TEMP_SEX_ECO_DT
ILO:DF_YI_KOS_EMP_TEMP_SEX_ECO_DT(1.0),YI,KOS,A,700,EMP_TEMP_DT,SEX_T,ECO_ISIC4_S,2015,4.18,,,,,,,,,,,,,,,,,DT,PT,0,,1,BA,EMP_TEMP_SEX_ECO_DT
ILO:DF_YI_KOS_EMP_TEMP_SEX_ECO_DT(1.0),YI,KOS,A,700,EMP_TEMP_DT,SEX_T,ECO_ISIC4_S,2016,3.62,,,,,,,,,,,,,,,,,DT,PT,0,,1,BA,EMP_TEMP_SEX_ECO_DT
ILO:DF_YI_KOS_EMP_TEMP_SEX_ECO_DT(1.0),YI,KOS,A,700,EMP_TEMP_DT,SEX_T,ECO_ISIC4_S,2014,3.40,,,,,,,,,,,,,,,,,DT,PT,0,,1,BA,EMP_TEMP_SEX_ECO_DT
ILO:DF_YI_KOS_EMP_TEMP_SEX_ECO_DT(1.0),YI,KOS,A,700,EMP_TEMP_DT,SEX_T,ECO_ISIC4_T,2012,1.65,,,,,,,3513,,,,,,,,,,DT,PT,0,,1,BA,EMP_TEMP_SEX_ECO_DT
ILO:DF_YI_KOS_EMP_TEMP_SEX_ECO_DT(1.0),YI,KOS,A,700,EMP_TEMP_DT,SEX_T,ECO_ISIC4_T,2016,2.56,,,,,,,,,,,,,,,,,DT,PT,0,,1,BA,EMP_TEMP_SEX_ECO_DT
ILO:DF_YI_KOS_EMP_TEMP_SEX_ECO_DT(1.0),YI,KOS,A,700,EMP_TEMP_DT,SEX_T,ECO_ISIC4_T,2014,2.87,,,,,,,,,,,,,,,,,DT,PT,0,,1,BA,EMP_TEMP_SEX_ECO_DT
ILO:DF_YI_KOS_EMP_TEMP_SEX_ECO_DT(1.0),YI,KOS,A,700,EMP_TEMP_DT,SEX_T,ECO_ISIC4_T,2015,2.40,,,,,,,,,,,,,,,,,DT,PT,0,,1,BA,EMP_TEMP_SEX_ECO_DT
ILO:DF_YI_KOS_EMP_TEMP_SEX_ECO_DT(1.0),YI,KOS,A,700,EMP_TEMP_DT,SEX_M,ECO_ISIC4_D,2012,2.62,,,,,,,3513,,,,,,,,,,DT,PT,0,,1,BA,EMP_TEMP_SEX_ECO_DT
ILO:DF_YI_KOS_EMP_TEMP_SEX_ECO_DT(1.0),YI,KOS,A,700,EMP_TEMP_DT,SEX_M,ECO_ISIC4_D,2014,2.13,,,,,,,,,,,,,,,,,DT,PT,0,,1,BA,EMP_TEMP_SEX_ECO_DT
ILO:DF_YI_KOS_EMP_TEMP_SEX_ECO_DT(1.0),YI,KOS,A,700,EMP_TEMP_DT,SEX_M,ECO_ISIC4_D,2015,2.15,,,,,,,,,,,,,,,,,DT,PT,0,,1,BA,EMP_TEMP_SEX_ECO_DT
ILO:DF_YI_KOS_EMP_TEMP_SEX_ECO_DT(1.0),YI,KOS,A,700,EMP_TEMP_DT,SEX_M,ECO_ISIC4_D,2016,2.06,,,,,,,,,,,,,,,,,DT,PT,0,,1,BA,EMP_TEMP_SEX_ECO_DT
ILO:DF_YI_KOS_EMP_TEMP_SEX_ECO_DT(1.0),YI,KOS,A,700,EMP_TEMP_DT,SEX_F,ECO_ISIC4_E,2012,0.40,,,,,,,3513,,,,,,,,,U,DT,PT,0,,1,BA,EMP_TEMP_SEX_ECO_DT
ILO:DF_YI_KOS_EMP_TEMP_SEX_ECO_DT(1.0),YI,KOS,A,700,EMP_TEMP_DT,SEX_F,ECO_ISIC4_E,2014,0.24,,,,,,,,,,,,,,,,,DT,PT,0,,1,BA,EMP_TEMP_SEX_ECO_DT
ILO:DF_YI_KOS_EMP_TEMP_SEX_ECO_DT(1.0),YI,KOS,A,700,EMP_TEMP_DT,SEX_F,ECO_ISIC4_E,2016,0.88,,,,,,,,,,,,,,,,,DT,PT,0,,1,BA,EMP_TEMP_SEX_ECO_DT
ILO:DF_YI_KOS_EMP_TEMP_SEX_ECO_DT(1.0),YI,KOS,A,700,EMP_TEMP_DT,SEX_F,ECO_ISIC4_E,2015,0.57,,,,,,,,,,,,,,,,,DT,PT,0,,1,BA,EMP_TEMP_SEX_ECO_DT
ILO:DF_YI_KOS_EMP_TEMP_SEX_ECO_DT(1.0),YI,KOS,A,700,EMP_TEMP_DT,SEX_F,ECO_AGGREGATE_MEL,2012,1.64,,,,,,,3513,,,,,,,,,,DT,PT,0,,1,BA,EMP_TEMP_SEX_ECO_DT
ILO:DF_YI_KOS_EMP_TEMP_SEX_ECO_DT(1.0),YI,KOS,A,700,EMP_TEMP_DT,SEX_F,ECO_AGGREGATE_MEL,2016,1.10,,,,,,,,,,,,,,,,,DT,PT,0,,1,BA,EMP_TEMP_SEX_ECO_DT
ILO:DF_YI_KOS_EMP_TEMP_SEX_ECO_DT(1.0),YI,KOS,A,700,EMP_TEMP_DT,SEX_F,ECO_AGGREGATE_MEL,2014,1,,,,,,,,,,,,,,,,,DT,PT,0,,1,BA,EMP_TEMP_SEX_ECO_DT
ILO:DF_YI_KOS_EMP_TEMP_SEX_ECO_DT(1.0),YI,KOS,A,700,EMP_TEMP_DT,SEX_F,ECO_AGGREGATE_MEL,2015,1.02,,,,,,,,,,,,,,,,,DT,PT,0,,1,BA,EMP_TEMP_SEX_ECO_DT
ILO:DF_YI_KOS_EMP_TEMP_SEX_ECO_DT(1.0),YI,KOS,A,700,EMP_TEMP_DT,SEX_T,ECO_AGGREGATE_CON,2014,10.93,,,,,,,,,,,,,,,,,DT,PT,0,,1,BA,EMP_TEMP_SEX_ECO_DT
ILO:DF_YI_KOS_EMP_TEMP_SEX_ECO_DT(1.0),YI,KOS,A,700,EMP_TEMP_DT,SEX_T,ECO_AGGREGATE_CON,2012,9.52,,,,,,,3513,,,,,,,,,,DT,PT,0,,1,BA,EMP_TEMP_SEX_ECO_DT
ILO:DF_YI_KOS_EMP_TEMP_SEX_ECO_DT(1.0),YI,KOS,A,700,EMP_TEMP_DT,SEX_T,ECO_AGGREGATE_CON,2016,11.54,,,,,,,,,,,,,,,,,DT,PT,0,,1,BA,EMP_TEMP_SEX_ECO_DT
ILO:DF_YI_KOS_EMP_TEMP_SEX_ECO_DT(1.0),YI,KOS,A,700,EMP_TEMP_DT,SEX_T,ECO_AGGREGATE_CON,2015,9.45,,,,,,,,,,,,,,,,,DT,PT,0,,1,BA,EMP_TEMP_SEX_ECO_DT
ILO:DF_YI_KOS_EMP_TEMP_SEX_ECO_DT(1.0),YI,KOS,A,700,EMP_TEMP_DT,SEX_M,ECO_AGGREGATE_TOTAL,2014,100,,,,,,,,,,,,,,,,,DT,PT,0,,1,BA,EMP_TEMP_SEX_ECO_DT
ILO:DF_YI_KOS_EMP_TEMP_SEX_ECO_DT(1.0),YI,KOS,A,700,EMP_TEMP_DT,SEX_M,ECO_AGGREGATE_TOTAL,2015,100,,,,,,,,,,,,,,,,,DT,PT,0,,1,BA,EMP_TEMP_SEX_ECO_DT
ILO:DF_YI_KOS_EMP_TEMP_SEX_ECO_DT(1.0),YI,KOS,A,700,EMP_TEMP_DT,SEX_M,ECO_AGGREGATE_TOTAL,2016,100,,,,,,,,,,,,,,,,,DT,PT,0,,1,BA,EMP_TEMP_SEX_ECO_DT
ILO:DF_YI_KOS_EMP_TEMP_SEX_ECO_DT(1.0),YI,KOS,A,700,EMP_TEMP_DT,SEX_M,ECO_AGGREGATE_TOTAL,2012,100,,,,,,,3513,,,,,,,,,,DT,PT,0,,1,BA,EMP_TEMP_SEX_ECO_DT
ILO:DF_YI_KOS_EMP_TEMP_SEX_ECO_DT(1.0),YI,KOS,A,700,EMP_TEMP_DT,SEX_F,ECO_AGGREGATE_CON,2014,1.20,,,,,,,,,,,,,,,,,DT,PT,0,,1,BA,EMP_TEMP_SEX_ECO_DT
ILO:DF_YI_KOS_EMP_TEMP_SEX_ECO_DT(1.0),YI,KOS,A,700,EMP_TEMP_DT,SEX_F,ECO_AGGREGATE_CON,2012,0.45,,,,,,,3513,,,,,,,,,,DT,PT,0,,1,BA,EMP_TEMP_SEX_ECO_DT
ILO:DF_YI_KOS_EMP_TEMP_SEX_ECO_DT(1.0),YI,KOS,A,700,EMP_TEMP_DT,SEX_F,ECO_AGGREGATE_CON,2016,0.52,,,,,,,,,,,,,,,,,DT,PT,0,,1,BA,EMP_TEMP_SEX_ECO_DT
ILO:DF_YI_KOS_EMP_TEMP_SEX_ECO_DT(1.0),YI,KOS,A,700,EMP_TEMP_DT,SEX_F,ECO_AGGREGATE_CON,2015,0.68,,,,,,,,,,,,,,,,,DT,PT,0,,1,BA,EMP_TEMP_SEX_ECO_DT
ILO:DF_YI_KOS_EMP_TEMP_SEX_ECO_DT(1.0),YI,KOS,A,700,EMP_TEMP_DT,SEX_F,ECO_SECTOR_AGR,2014,1.46,,,,,,,,,,,,,,,,,DT,PT,0,,1,BA,EMP_TEMP_SEX_ECO_DT
ILO:DF_YI_KOS_EMP_TEMP_SEX_ECO_DT(1.0),YI,KOS,A,700,EMP_TEMP_DT,SEX_F,ECO_SECTOR_AGR,2012,5.10,,,,,,,3513,,,,,,,,,,DT,PT,0,,1,BA,EMP_TEMP_SEX_ECO_DT
ILO:DF_YI_KOS_EMP_TEMP_SEX_ECO_DT(1.0),YI,KOS,A,700,EMP_TEMP_DT,SEX_F,ECO_SECTOR_AGR,2016,2.26,,,,,,,,,,,,,,,,,DT,PT,0,,1,BA,EMP_TEMP_SEX_ECO_DT
ILO:DF_YI_KOS_EMP_TEMP_SEX_ECO_DT(1.0),YI,KOS,A,700,EMP_TEMP_DT,SEX_F,ECO_SECTOR_AGR,2015,1.06,,,,,,,,,,,,,,,,,DT,PT,0,,1,BA,EMP_TEMP_SEX_ECO_DT
ILO:DF_YI_KOS_EMP_TEMP_SEX_ECO_DT(1.0),YI,KOS,A,700,EMP_TEMP_DT,SEX_T,ECO_SECTOR_SER,2014,68.76,,,,,,,,,,,,,,,,,DT,PT,0,,1,BA,EMP_TEMP_SEX_ECO_DT
ILO:DF_YI_KOS_EMP_TEMP_SEX_ECO_DT(1.0),YI,KOS,A,700,EMP_TEMP_DT,SEX_T,ECO_SECTOR_SER,2015,69.50,,,,,,,,,,,,,,,,,DT,PT,0,,1,BA,EMP_TEMP_SEX_ECO_DT
ILO:DF_YI_KOS_EMP_TEMP_SEX_ECO_DT(1.0),YI,KOS,A,700,EMP_TEMP_DT,SEX_T,ECO_SECTOR_SER,2016,66.23,,,,,,,,,,,,,,,,,DT,PT,0,,1,BA,EMP_TEMP_SEX_ECO_DT
ILO:DF_YI_KOS_EMP_TEMP_SEX_ECO_DT(1.0),YI,KOS,A,700,EMP_TEMP_DT,SEX_T,ECO_SECTOR_SER,2012,66.79,,,,,,,3513,,,,,,,,,,DT,PT,0,,1,BA,EMP_TEMP_SEX_ECO_DT
ILO:DF_YI_KOS_EMP_TEMP_SEX_ECO_DT(1.0),YI,KOS,A,700,EMP_TEMP_DT,SEX_T,ECO_SECTOR_TOTAL,2014,100,,,,,,,,,,,,,,,,,DT,PT,0,,1,BA,EMP_TEMP_SEX_ECO_DT
ILO:DF_YI_KOS_EMP_TEMP_SEX_ECO_DT(1.0),YI,KOS,A,700,EMP_TEMP_DT,SEX_T,ECO_SECTOR_TOTAL,2016,100,,,,,,,,,,,,,,,,,DT,PT,0,,1,BA,EMP_TEMP_SEX_ECO_DT
ILO:DF_YI_KOS_EMP_TEMP_SEX_ECO_DT(1.0),YI,KOS,A,700,EMP_TEMP_DT,SEX_T,ECO_SECTOR_TOTAL,2012,100,,,,,,,3513,,,,,,,,,,DT,PT,0,,1,BA,EMP_TEMP_SEX_ECO_DT
ILO:DF_YI_KOS_EMP_TEMP_SEX_ECO_DT(1.0),YI,KOS,A,700,EMP_TEMP_DT,SEX_T,ECO_SECTOR_TOTAL,2015,100,,,,,,,,,,,,,,,,,DT,PT,0,,1,BA,EMP_TEMP_SEX_ECO_DT
ILO:DF_YI_KOS_EMP_TEMP_SEX_ECO_DT(1.0),YI,KOS,A,700,EMP_TEMP_DT,SEX_F,ECO_ISIC4_I,2014,3.76,,,,,,,,,,,,,,,,,DT,PT,0,,1,BA,EMP_TEMP_SEX_ECO_DT
ILO:DF_YI_KOS_EMP_TEMP_SEX_ECO_DT(1.0),YI,KOS,A,700,EMP_TEMP_DT,SEX_F,ECO_ISIC4_I,2016,3.76,,,,,,,,,,,,,,,,,DT,PT,0,,1,BA,EMP_TEMP_SEX_ECO_DT
ILO:DF_YI_KOS_EMP_TEMP_SEX_ECO_DT(1.0),YI,KOS,A,700,EMP_TEMP_DT,SEX_F,ECO_ISIC4_I,2012,3.02,,,,,,,3513,,,,,,,,,,DT,PT,0,,1,BA,EMP_TEMP_SEX_ECO_DT
ILO:DF_YI_KOS_EMP_TEMP_SEX_ECO_DT(1.0),YI,KOS,A,700,EMP_TEMP_DT,SEX_F,ECO_ISIC4_I,2015,4.08,,,,,,,,,,,,,,,,,DT,PT,0,,1,BA,EMP_TEMP_SEX_ECO_DT
ILO:DF_YI_KOS_EMP_TEMP_SEX_ECO_DT(1.0),YI,KOS,A,700,EMP_TEMP_DT,SEX_T,ECO_ISIC4_F,2014,10.93,,,,,,,,,,,,,,,,,DT,PT,0,,1,BA,EMP_TEMP_SEX_ECO_DT
ILO:DF_YI_KOS_EMP_TEMP_SEX_ECO_DT(1.0),YI,KOS,A,700,EMP_TEMP_DT,SEX_T,ECO_ISIC4_F,2015,9.45,,,,,,,,,,,,,,,,,DT,PT,0,,1,BA,EMP_TEMP_SEX_ECO_DT
ILO:DF_YI_KOS_EMP_TEMP_SEX_ECO_DT(1.0),YI,KOS,A,700,EMP_TEMP_DT,SEX_T,ECO_ISIC4_F,2012,9.52,,,,,,,3513,,,,,,,,,,DT,PT,0,,1,BA,EMP_TEMP_SEX_ECO_DT
ILO:DF_YI_KOS_EMP_TEMP_SEX_ECO_DT(1.0),YI,KOS,A,700,EMP_TEMP_DT,SEX_T,ECO_ISIC4_F,2016,11.54,,,,,,,,,,,,,,,,,DT,PT,0,,1,BA,EMP_TEMP_SEX_ECO_DT
ILO:DF_YI_KOS_EMP_TEMP_SEX_ECO_DT(1.0),YI,KOS,A,700,EMP_TEMP_DT,SEX_T,ECO_ISIC4_L,2014,0.05,,,,,,,,,,,,,,,,,DT,PT,0,,1,BA,EMP_TEMP_SEX_ECO_DT
ILO:DF_YI_KOS_EMP_TEMP_SEX_ECO_DT(1.0),YI,KOS,A,700,EMP_TEMP_DT,SEX_T,ECO_ISIC4_L,2016,0.10,,,,,,,,,,,,,,,,,DT,PT,0,,1,BA,EMP_TEMP_SEX_ECO_DT
ILO:DF_YI_KOS_EMP_TEMP_SEX_ECO_DT(1.0),YI,KOS,A,700,EMP_TEMP_DT,SEX_T,ECO_ISIC4_L,2015,0.08,,,,,,,,,,,,,,,,,DT,PT,0,,1,BA,EMP_TEMP_SEX_ECO_DT
ILO:DF_YI_KOS_EMP_TEMP_SEX_ECO_DT(1.0),YI,KOS,A,700,EMP_TEMP_DT,SEX_T,ECO_ISIC4_L,2012,0.24,,,,,,,3513,,,,,,,,,,DT,PT,0,,1,BA,EMP_TEMP_SEX_ECO_DT
ILO:DF_YI_KOS_EMP_TEMP_SEX_ECO_DT(1.0),YI,KOS,A,700,EMP_TEMP_DT,SEX_M,ECO_ISIC4_C,2014,15.79,,,,,,,,,,,,,,,,,DT,PT,0,,1,BA,EMP_TEMP_SEX_ECO_DT
ILO:DF_YI_KOS_EMP_TEMP_SEX_ECO_DT(1.0),YI,KOS,A,700,EMP_TEMP_DT,SEX_M,ECO_ISIC4_C,2016,15.38,,,,,,,,,,,,,,,,,DT,PT,0,,1,BA,EMP_TEMP_SEX_ECO_DT
ILO:DF_YI_KOS_EMP_TEMP_SEX_ECO_DT(1.0),YI,KOS,A,700,EMP_TEMP_DT,SEX_M,ECO_ISIC4_C,2015,17.03,,,,,,,,,,,,,,,,,DT,PT,0,,1,BA,EMP_TEMP_SEX_ECO_DT
ILO:DF_YI_KOS_EMP_TEMP_SEX_ECO_DT(1.0),YI,KOS,A,700,EMP_TEMP_DT,SEX_M,ECO_ISIC4_C,2012,15.92,,,,,,,3513,,,,,,,,,,DT,PT,0,,1,BA,EMP_TEMP_SEX_ECO_DT
ILO:DF_YI_KOS_EMP_TEMP_SEX_ECO_DT(1.0),YI,KOS,A,700,EMP_TEMP_DT,SEX_M,ECO_ISIC4_K,2014,1.82,,,,,,,,,,,,,,,,,DT,PT,0,,1,BA,EMP_TEMP_SEX_ECO_DT
ILO:DF_YI_KOS_EMP_TEMP_SEX_ECO_DT(1.0),YI,KOS,A,700,EMP_TEMP_DT,SEX_M,ECO_ISIC4_K,2015,1.70,,,,,,,,,,,,,,,,,DT,PT,0,,1,BA,EMP_TEMP_SEX_ECO_DT
ILO:DF_YI_KOS_EMP_TEMP_SEX_ECO_DT(1.0),YI,KOS,A,700,EMP_TEMP_DT,SEX_M,ECO_ISIC4_K,2012,2.03,,,,,,,3513,,,,,,,,,,DT,PT,0,,1,BA,EMP_TEMP_SEX_ECO_DT
ILO:DF_YI_KOS_EMP_TEMP_SEX_ECO_DT(1.0),YI,KOS,A,700,EMP_TEMP_DT,SEX_M,ECO_ISIC4_K,2016,1.67,,,,,,,,,,,,,,,,,DT,PT,0,,1,BA,EMP_TEMP_SEX_ECO_DT
ILO:DF_YI_KOS_EMP_TEMP_SEX_ECO_DT(1.0),YI,KOS,A,700,EMP_TEMP_DT,SEX_T,ECO_SECTOR_AGR,2015,2.25,,,,,,,,,,,,,,,,,DT,PT,0,,1,BA,EMP_TEMP_SEX_ECO_DT
ILO:DF_YI_KOS_EMP_TEMP_SEX_ECO_DT(1.0),YI,KOS,A,700,EMP_TEMP_DT,SEX_T,ECO_SECTOR_AGR,2012,4.42,,,,,,,3513,,,,,,,,,,DT,PT,0,,1,BA,EMP_TEMP_SEX_ECO_DT
ILO:DF_YI_KOS_EMP_TEMP_SEX_ECO_DT(1.0),YI,KOS,A,700,EMP_TEMP_DT,SEX_T,ECO_SECTOR_AGR,2014,2.64,,,,,,,,,,,,,,,,,DT,PT,0,,1,BA,EMP_TEMP_SEX_ECO_DT
ILO:DF_YI_KOS_EMP_TEMP_SEX_ECO_DT(1.0),YI,KOS,A,700,EMP_TEMP_DT,SEX_T,ECO_SECTOR_AGR,2016,4.25,,,,,,,,,,,,,,,,,DT,PT,0,,1,BA,EMP_TEMP_SEX_ECO_DT
ILO:DF_YI_KOS_EMP_TEMP_SEX_ECO_DT(1.0),YI,KOS,A,700,EMP_TEMP_DT,SEX_T,ECO_AGGREGATE_TOTAL,2015,100,,,,,,,,,,,,,,,,,DT,PT,0,,1,BA,EMP_TEMP_SEX_ECO_DT
ILO:DF_YI_KOS_EMP_TEMP_SEX_ECO_DT(1.0),YI,KOS,A,700,EMP_TEMP_DT,SEX_T,ECO_AGGREGATE_TOTAL,2012,100,,,,,,,3513,,,,,,,,,,DT,PT,0,,1,BA,EMP_TEMP_SEX_ECO_DT
ILO:DF_YI_KOS_EMP_TEMP_SEX_ECO_DT(1.0),YI,KOS,A,700,EMP_TEMP_DT,SEX_T,ECO_AGGREGATE_TOTAL,2014,100,,,,,,,,,,,,,,,,,DT,PT,0,,1,BA,EMP_TEMP_SEX_ECO_DT
ILO:DF_YI_KOS_EMP_TEMP_SEX_ECO_DT(1.0),YI,KOS,A,700,EMP_TEMP_DT,SEX_T,ECO_AGGREGATE_TOTAL,2016,100,,,,,,,,,,,,,,,,,DT,PT,0,,1,BA,EMP_TEMP_SEX_ECO_DT
ILO:DF_YI_KOS_EMP_TEMP_SEX_ECO_DT(1.0),YI,KOS,A,700,EMP_TEMP_DT,SEX_M,ECO_AGGREGATE_MKT,2015,35.64,,,,,,,,,,,,,,,,,DT,PT,0,,1,BA,EMP_TEMP_SEX_ECO_DT
ILO:DF_YI_KOS_EMP_TEMP_SEX_ECO_DT(1.0),YI,KOS,A,700,EMP_TEMP_DT,SEX_M,ECO_AGGREGATE_MKT,2014,35.32,,,,,,,,,,,,,,,,,DT,PT,0,,1,BA,EMP_TEMP_SEX_ECO_DT
ILO:DF_YI_KOS_EMP_TEMP_SEX_ECO_DT(1.0),YI,KOS,A,700,EMP_TEMP_DT,SEX_M,ECO_AGGREGATE_MKT,2016,34.42,,,,,,,,,,,,,,,,,DT,PT,0,,1,BA,EMP_TEMP_SEX_ECO_DT
ILO:DF_YI_KOS_EMP_TEMP_SEX_ECO_DT(1.0),YI,KOS,A,700,EMP_TEMP_DT,SEX_M,ECO_AGGREGATE_MKT,2012,33.41,,,,,,,3513,,,,,,,,,,DT,PT,0,,1,BA,EMP_TEMP_SEX_ECO_DT
ILO:DF_YI_KOS_EMP_TEMP_SEX_ECO_DT(1.0),YI,KOS,A,700,EMP_TEMP_DT,SEX_T,ECO_ISIC4_U,2015,1.18,,,,,,,,,,,,,,,,,DT,PT,0,,1,BA,EMP_TEMP_SEX_ECO_DT
ILO:DF_YI_KOS_EMP_TEMP_SEX_ECO_DT(1.0),YI,KOS,A,700,EMP_TEMP_DT,SEX_T,ECO_ISIC4_U,2014,1.53,,,,,,,,,,,,,,,,,DT,PT,0,,1,BA,EMP_TEMP_SEX_ECO_DT
ILO:DF_YI_KOS_EMP_TEMP_SEX_ECO_DT(1.0),YI,KOS,A,700,EMP_TEMP_DT,SEX_T,ECO_ISIC4_U,2012,1.93,,,,,,,3513,,,,,,,,,,DT,PT,0,,1,BA,EMP_TEMP_SEX_ECO_DT
ILO:DF_YI_KOS_EMP_TEMP_SEX_ECO_DT(1.0),YI,KOS,A,700,EMP_TEMP_DT,SEX_T,ECO_ISIC4_U,2016,0.90,,,,,,,,,,,,,,,,,DT,PT,0,,1,BA,EMP_TEMP_SEX_ECO_DT
ILO:DF_YI_KOS_EMP_TEMP_SEX_ECO_DT(1.0),YI,KOS,A,700,EMP_TEMP_DT,SEX_M,ECO_ISIC4_H,2015,3.47,,,,,,,,,,,,,,,,,DT,PT,0,,1,BA,EMP_TEMP_SEX_ECO_DT
ILO:DF_YI_KOS_EMP_TEMP_SEX_ECO_DT(1.0),YI,KOS,A,700,EMP_TEMP_DT,SEX_M,ECO_ISIC4_H,2012,3.78,,,,,,,3513,,,,,,,,,,DT,PT,0,,1,BA,EMP_TEMP_SEX_ECO_DT
ILO:DF_YI_KOS_EMP_TEMP_SEX_ECO_DT(1.0),YI,KOS,A,700,EMP_TEMP_DT,SEX_M,ECO_ISIC4_H,2016,3.77,,,,,,,,,,,,,,,,,DT,PT,0,,1,BA,EMP_TEMP_SEX_ECO_DT
ILO:DF_YI_KOS_EMP_TEMP_SEX_ECO_DT(1.0),YI,KOS,A,700,EMP_TEMP_DT,SEX_M,ECO_ISIC4_H,2014,4.22,,,,,,,,,,,,,,,,,DT,PT,0,,1,BA,EMP_TEMP_SEX_ECO_DT
ILO:DF_YI_KOS_EMP_TEMP_SEX_ECO_DT(1.0),YI,KOS,A,700,EMP_TEMP_DT,SEX_M,ECO_ISIC4_N,2015,3.88,,,,,,,,,,,,,,,,,DT,PT,0,,1,BA,EMP_TEMP_SEX_ECO_DT
ILO:DF_YI_KOS_EMP_TEMP_SEX_ECO_DT(1.0),YI,KOS,A,700,EMP_TEMP_DT,SEX_M,ECO_ISIC4_N,2012,5.10,,,,,,,3513,,,,,,,,,,DT,PT,0,,1,BA,EMP_TEMP_SEX_ECO_DT
ILO:DF_YI_KOS_EMP_TEMP_SEX_ECO_DT(1.0),YI,KOS,A,700,EMP_TEMP_DT,SEX_M,ECO_ISIC4_N,2014,3.83,,,,,,,,,,,,,,,,,DT,PT,0,,1,BA,EMP_TEMP_SEX_ECO_DT
ILO:DF_YI_KOS_EMP_TEMP_SEX_ECO_DT(1.0),YI,KOS,A,700,EMP_TEMP_DT,SEX_M,ECO_ISIC4_N,2016,3.54,,,,,,,,,,,,,,,,,DT,PT,0,,1,BA,EMP_TEMP_SEX_ECO_DT
ILO:DF_YI_KOS_EMP_TEMP_SEX_ECO_DT(1.0),YI,KOS,A,700,EMP_TEMP_DT,SEX_F,ECO_ISIC4_G,2015,14.53,,,,,,,,,,,,,,,,,DT,PT,0,,1,BA,EMP_TEMP_SEX_ECO_DT
ILO:DF_YI_KOS_EMP_TEMP_SEX_ECO_DT(1.0),YI,KOS,A,700,EMP_TEMP_DT,SEX_F,ECO_ISIC4_G,2016,17.08,,,,,,,,,,,,,,,,,DT,PT,0,,1,BA,EMP_TEMP_SEX_ECO_DT
ILO:DF_YI_KOS_EMP_TEMP_SEX_ECO_DT(1.0),YI,KOS,A,700,EMP_TEMP_DT,SEX_F,ECO_ISIC4_G,2012,13.90,,,,,,,3513,,,,,,,,,,DT,PT,0,,1,BA,EMP_TEMP_SEX_ECO_DT
ILO:DF_YI_KOS_EMP_TEMP_SEX_ECO_DT(1.0),YI,KOS,A,700,EMP_TEMP_DT,SEX_F,ECO_ISIC4_G,2014,15.98,,,,,,,,,,,,,,,,,DT,PT,0,,1,BA,EMP_TEMP_SEX_ECO_DT
ILO:DF_YI_KOS_EMP_TEMP_SEX_ECO_DT(1.0),YI,KOS,A,700,EMP_TEMP_DT,SEX_F,ECO_ISIC4_N,2015,2.50,,,,,,,,,,,,,,,,,DT,PT,0,,1,BA,EMP_TEMP_SEX_ECO_DT
ILO:DF_YI_KOS_EMP_TEMP_SEX_ECO_DT(1.0),YI,KOS,A,700,EMP_TEMP_DT,SEX_F,ECO_ISIC4_N,2012,3.09,,,,,,,3513,,,,,,,,,,DT,PT,0,,1,BA,EMP_TEMP_SEX_ECO_DT
ILO:DF_YI_KOS_EMP_TEMP_SEX_ECO_DT(1.0),YI,KOS,A,700,EMP_TEMP_DT,SEX_F,ECO_ISIC4_N,2016,2.38,,,,,,,,,,,,,,,,,DT,PT,0,,1,BA,EMP_TEMP_SEX_ECO_DT
ILO:DF_YI_KOS_EMP_TEMP_SEX_ECO_DT(1.0),YI,KOS,A,700,EMP_TEMP_DT,SEX_F,ECO_ISIC4_N,2014,1.85,,,,,,,,,,,,,,,,,DT,PT,0,,1,BA,EMP_TEMP_SEX_ECO_DT
ILO:DF_YI_KOS_EMP_TEMP_SEX_ECO_DT(1.0),YI,KOS,A,700,EMP_TEMP_DT,SEX_F,ECO_ISIC4_Q,2015,15.57,,,,,,,,,,,,,,,,,DT,PT,0,,1,BA,EMP_TEMP_SEX_ECO_DT
ILO:DF_YI_KOS_EMP_TEMP_SEX_ECO_DT(1.0),YI,KOS,A,700,EMP_TEMP_DT,SEX_F,ECO_ISIC4_Q,2012,17.25,,,,,,,3513,,,,,,,,,,DT,PT,0,,1,BA,EMP_TEMP_SEX_ECO_DT
ILO:DF_YI_KOS_EMP_TEMP_SEX_ECO_DT(1.0),YI,KOS,A,700,EMP_TEMP_DT,SEX_F,ECO_ISIC4_Q,2016,13.81,,,,,,,,,,,,,,,,,DT,PT,0,,1,BA,EMP_TEMP_SEX_ECO_DT
ILO:DF_YI_KOS_EMP_TEMP_SEX_ECO_DT(1.0),YI,KOS,A,700,EMP_TEMP_DT,SEX_F,ECO_ISIC4_Q,2014,17.28,,,,,,,,,,,,,,,,,DT,PT,0,,1,BA,EMP_TEMP_SEX_ECO_DT
ILO:DF_YI_KOS_EMP_TEMP_SEX_ECO_DT(1.0),YI,KOS,A,700,EMP_TEMP_DT,SEX_F,ECO_ISIC4_R,2015,1.07,,,,,,,,,,,,,,,,,DT,PT,0,,1,BA,EMP_TEMP_SEX_ECO_DT
ILO:DF_YI_KOS_EMP_TEMP_SEX_ECO_DT(1.0),YI,KOS,A,700,EMP_TEMP_DT,SEX_F,ECO_ISIC4_R,2016,2.39,,,,,,,,,,,,,,,,,DT,PT,0,,1,BA,EMP_TEMP_SEX_ECO_DT
ILO:DF_YI_KOS_EMP_TEMP_SEX_ECO_DT(1.0),YI,KOS,A,700,EMP_TEMP_DT,SEX_F,ECO_ISIC4_R,2014,1.08,,,,,,,,,,,,,,,,,DT,PT,0,,1,BA,EMP_TEMP_SEX_ECO_DT
ILO:DF_YI_KOS_EMP_TEMP_SEX_ECO_DT(1.0),YI,KOS,A,700,EMP_TEMP_DT,SEX_F,ECO_ISIC4_R,2012,1.72,,,,,,,3513,,,,,,,,,,DT,PT,0,,1,BA,EMP_TEMP_SEX_ECO_DT
ILO:DF_YI_KOS_EMP_TEMP_SEX_ECO_DT(1.0),YI,KOS,A,700,EMP_TEMP_DT,SEX_T,ECO_ISIC4_N,2016,3.28,,,,,,,,,,,,,,,,,DT,PT,0,,1,BA,EMP_TEMP_SEX_ECO_DT
ILO:DF_YI_KOS_EMP_TEMP_SEX_ECO_DT(1.0),YI,KOS,A,700,EMP_TEMP_DT,SEX_T,ECO_ISIC4_N,2014,3.37,,,,,,,,,,,,,,,,,DT,PT,0,,1,BA,EMP_TEMP_SEX_ECO_DT
ILO:DF_YI_KOS_EMP_TEMP_SEX_ECO_DT(1.0),YI,KOS,A,700,EMP_TEMP_DT,SEX_T,ECO_ISIC4_N,2015,3.57,,,,,,,,,,,,,,,,,DT,PT,0,,1,BA,EMP_TEMP_SEX_ECO_DT
ILO:DF_YI_KOS_EMP_TEMP_SEX_ECO_DT(1.0),YI,KOS,A,700,EMP_TEMP_DT,SEX_T,ECO_ISIC4_N,2012,4.68,,,,,,,3513,,,,,,,,,,DT,PT,0,,1,BA,EMP_TEMP_SEX_ECO_DT
ILO:DF_YI_KOS_EMP_TEMP_SEX_ECO_DT(1.0),YI,KOS,A,700,EMP_TEMP_DT,SEX_F,ECO_ISIC4_P,2016,20.46,,,,,,,,,,,,,,,,,DT,PT,0,,1,BA,EMP_TEMP_SEX_ECO_DT
ILO:DF_YI_KOS_EMP_TEMP_SEX_ECO_DT(1.0),YI,KOS,A,700,EMP_TEMP_DT,SEX_F,ECO_ISIC4_P,2014,21.77,,,,,,,,,,,,,,,,,DT,PT,0,,1,BA,EMP_TEMP_SEX_ECO_DT
ILO:DF_YI_KOS_EMP_TEMP_SEX_ECO_DT(1.0),YI,KOS,A,700,EMP_TEMP_DT,SEX_F,ECO_ISIC4_P,2015,21.64,,,,,,,,,,,,,,,,,DT,PT,0,,1,BA,EMP_TEMP_SEX_ECO_DT
ILO:DF_YI_KOS_EMP_TEMP_SEX_ECO_DT(1.0),YI,KOS,A,700,EMP_TEMP_DT,SEX_F,ECO_ISIC4_P,2012,21.34,,,,,,,3513,,,,,,,,,,DT,PT,0,,1,BA,EMP_TEMP_SEX_ECO_DT
ILO:DF_YI_KOS_EMP_TEMP_SEX_ECO_DT(1.0),YI,KOS,A,700,EMP_TEMP_DT,SEX_T,ECO_AGGREGATE_AGR,2016,4.25,,,,,,,,,,,,,,,,,DT,PT,0,,1,BA,EMP_TEMP_SEX_ECO_DT
ILO:DF_YI_KOS_EMP_TEMP_SEX_ECO_DT(1.0),YI,KOS,A,700,EMP_TEMP_DT,SEX_T,ECO_AGGREGATE_AGR,2012,4.42,,,,,,,3513,,,,,,,,,,DT,PT,0,,1,BA,EMP_TEMP_SEX_ECO_DT
ILO:DF_YI_KOS_EMP_TEMP_SEX_ECO_DT(1.0),YI,KOS,A,700,EMP_TEMP_DT,SEX_T,ECO_AGGREGATE_AGR,2015,2.25,,,,,,,,,,,,,,,,,DT,PT,0,,1,BA,EMP_TEMP_SEX_ECO_DT
ILO:DF_YI_KOS_EMP_TEMP_SEX_ECO_DT(1.0),YI,KOS,A,700,EMP_TEMP_DT,SEX_T,ECO_AGGREGATE_AGR,2014,2.64,,,,,,,,,,,,,,,,,DT,PT,0,,1,BA,EMP_TEMP_SEX_ECO_DT
ILO:DF_YI_KOS_EMP_TEMP_SEX_ECO_DT(1.0),YI,KOS,A,700,EMP_TEMP_DT,SEX_M,ECO_AGGREGATE_MEL,2016,5.79,,,,,,,,,,,,,,,,,DT,PT,0,,1,BA,EMP_TEMP_SEX_ECO_DT
ILO:DF_YI_KOS_EMP_TEMP_SEX_ECO_DT(1.0),YI,KOS,A,700,EMP_TEMP_DT,SEX_M,ECO_AGGREGATE_MEL,2015,4.98,,,,,,,,,,,,,,,,,DT,PT,0,,1,BA,EMP_TEMP_SEX_ECO_DT
ILO:DF_YI_KOS_EMP_TEMP_SEX_ECO_DT(1.0),YI,KOS,A,700,EMP_TEMP_DT,SEX_M,ECO_AGGREGATE_MEL,2014,4.78,,,,,,,,,,,,,,,,,DT,PT,0,,1,BA,EMP_TEMP_SEX_ECO_DT
ILO:DF_YI_KOS_EMP_TEMP_SEX_ECO_DT(1.0),YI,KOS,A,700,EMP_TEMP_DT,SEX_M,ECO_AGGREGATE_MEL,2012,5.31,,,,,,,3513,,,,,,,,,,DT,PT,0,,1,BA,EMP_TEMP_SEX_ECO_DT
ILO:DF_YI_KOS_EMP_TEMP_SEX_ECO_DT(1.0),YI,KOS,A,700,EMP_TEMP_DT,SEX_M,ECO_SECTOR_IND,2016,35.89,,,,,,,,,,,,,,,,,DT,PT,0,,1,BA,EMP_TEMP_SEX_ECO_DT
ILO:DF_YI_KOS_EMP_TEMP_SEX_ECO_DT(1.0),YI,KOS,A,700,EMP_TEMP_DT,SEX_M,ECO_SECTOR_IND,2015,34.02,,,,,,,,,,,,,,,,,DT,PT,0,,1,BA,EMP_TEMP_SEX_ECO_DT
ILO:DF_YI_KOS_EMP_TEMP_SEX_ECO_DT(1.0),YI,KOS,A,700,EMP_TEMP_DT,SEX_M,ECO_SECTOR_IND,2014,34.43,,,,,,,,,,,,,,,,,DT,PT,0,,1,BA,EMP_TEMP_SEX_ECO_DT
ILO:DF_YI_KOS_EMP_TEMP_SEX_ECO_DT(1.0),YI,KOS,A,700,EMP_TEMP_DT,SEX_M,ECO_SECTOR_IND,2012,33.13,,,,,,,3513,,,,,,,,,,DT,PT,0,,1,BA,EMP_TEMP_SEX_ECO_DT
ILO:DF_YI_KOS_EMP_TEMP_SEX_ECO_DT(1.0),YI,KOS,A,700,EMP_TEMP_DT,SEX_M,ECO_SECTOR_NAG,2016,95.18,,,,,,,,,,,,,,,,,DT,PT,0,,1,BA,EMP_TEMP_SEX_ECO_DT
ILO:DF_YI_KOS_EMP_TEMP_SEX_ECO_DT(1.0),YI,KOS,A,700,EMP_TEMP_DT,SEX_M,ECO_SECTOR_NAG,2012,95.76,,,,,,,3513,,,,,,,,,,DT,PT,0,,1,BA,EMP_TEMP_SEX_ECO_DT
ILO:DF_YI_KOS_EMP_TEMP_SEX_ECO_DT(1.0),YI,KOS,A,700,EMP_TEMP_DT,SEX_M,ECO_SECTOR_NAG,2014,97.01,,,,,,,,,,,,,,,,,DT,PT,0,,1,BA,EMP_TEMP_SEX_ECO_DT
ILO:DF_YI_KOS_EMP_TEMP_SEX_ECO_DT(1.0),YI,KOS,A,700,EMP_TEMP_DT,SEX_M,ECO_SECTOR_NAG,2015,97.40,,,,,,,,,,,,,,,,,DT,PT,0,,1,BA,EMP_TEMP_SEX_ECO_DT
ILO:DF_YI_KOS_EMP_TEMP_SEX_ECO_DT(1.0),YI,KOS,A,700,EMP_TEMP_DT,SEX_M,ECO_SECTOR_SER,2012,62.22,,,,,,,3513,,,,,,,,,,DT,PT,0,,1,BA,EMP_TEMP_SEX_ECO_DT
ILO:DF_YI_KOS_EMP_TEMP_SEX_ECO_DT(1.0),YI,KOS,A,700,EMP_TEMP_DT,SEX_M,ECO_SECTOR_SER,2015,63.38,,,,,,,,,,,,,,,,,DT,PT,0,,1,BA,EMP_TEMP_SEX_ECO_DT
ILO:DF_YI_KOS_EMP_TEMP_SEX_ECO_DT(1.0),YI,KOS,A,700,EMP_TEMP_DT,SEX_M,ECO_SECTOR_SER,2014,62.58,,,,,,,,,,,,,,,,,DT,PT,0,,1,BA,EMP_TEMP_SEX_ECO_DT
ILO:DF_YI_KOS_EMP_TEMP_SEX_ECO_DT(1.0),YI,KOS,A,700,EMP_TEMP_DT,SEX_M,ECO_SECTOR_SER,2016,59.29,,,,,,,,,,,,,,,,,DT,PT,0,,1,BA,EMP_TEMP_SEX_ECO_DT
ILO:DF_YI_KOS_EMP_TEMP_SEX_ECO_DT(1.0),YI,KOS,A,700,EMP_TEMP_DT,SEX_T,ECO_ISIC4_I,2012,4.69,,,,,,,3513,,,,,,,,,,DT,PT,0,,1,BA,EMP_TEMP_SEX_ECO_DT
ILO:DF_YI_KOS_EMP_TEMP_SEX_ECO_DT(1.0),YI,KOS,A,700,EMP_TEMP_DT,SEX_T,ECO_ISIC4_I,2016,6.37,,,,,,,,,,,,,,,,,DT,PT,0,,1,BA,EMP_TEMP_SEX_ECO_DT
ILO:DF_YI_KOS_EMP_TEMP_SEX_ECO_DT(1.0),YI,KOS,A,700,EMP_TEMP_DT,SEX_T,ECO_ISIC4_I,2015,6.61,,,,,,,,,,,,,,,,,DT,PT,0,,1,BA,EMP_TEMP_SEX_ECO_DT
ILO:DF_YI_KOS_EMP_TEMP_SEX_ECO_DT(1.0),YI,KOS,A,700,EMP_TEMP_DT,SEX_T,ECO_ISIC4_I,2014,6.04,,,,,,,,,,,,,,,,,DT,PT,0,,1,BA,EMP_TEMP_SEX_ECO_DT
ILO:DF_YI_KOS_EMP_TEMP_SEX_ECO_DT(1.0),YI,KOS,A,700,EMP_TEMP_DT,SEX_M,ECO_ISIC4_I,2012,5.13,,,,,,,3513,,,,,,,,,,DT,PT,0,,1,BA,EMP_TEMP_SEX_ECO_DT
ILO:DF_YI_KOS_EMP_TEMP_SEX_ECO_DT(1.0),YI,KOS,A,700,EMP_TEMP_DT,SEX_M,ECO_ISIC4_I,2016,7.12,,,,,,,,,,,,,,,,,DT,PT,0,,1,BA,EMP_TEMP_SEX_ECO_DT
ILO:DF_YI_KOS_EMP_TEMP_SEX_ECO_DT(1.0),YI,KOS,A,700,EMP_TEMP_DT,SEX_M,ECO_ISIC4_I,2015,7.35,,,,,,,,,,,,,,,,,DT,PT,0,,1,BA,EMP_TEMP_SEX_ECO_DT
ILO:DF_YI_KOS_EMP_TEMP_SEX_ECO_DT(1.0),YI,KOS,A,700,EMP_TEMP_DT,SEX_M,ECO_ISIC4_I,2014,6.73,,,,,,,,,,,,,,,,,DT,PT,0,,1,BA,EMP_TEMP_SEX_ECO_DT
ILO:DF_YI_KOS_EMP_TEMP_SEX_ECO_DT(1.0),YI,KOS,A,700,EMP_TEMP_DT,SEX_M,ECO_ISIC4_M,2012,1.83,,,,,,,3513,,,,,,,,,,DT,PT,0,,1,BA,EMP_TEMP_SEX_ECO_DT
ILO:DF_YI_KOS_EMP_TEMP_SEX_ECO_DT(1.0),YI,KOS,A,700,EMP_TEMP_DT,SEX_M,ECO_ISIC4_M,2014,1.82,,,,,,,,,,,,,,,,,DT,PT,0,,1,BA,EMP_TEMP_SEX_ECO_DT
ILO:DF_YI_KOS_EMP_TEMP_SEX_ECO_DT(1.0),YI,KOS,A,700,EMP_TEMP_DT,SEX_M,ECO_ISIC4_M,2015,1.70,,,,,,,,,,,,,,,,,DT,PT,0,,1,BA,EMP_TEMP_SEX_ECO_DT
ILO:DF_YI_KOS_EMP_TEMP_SEX_ECO_DT(1.0),YI,KOS,A,700,EMP_TEMP_DT,SEX_M,ECO_ISIC4_M,2016,1.91,,,,,,,,,,,,,,,,,DT,PT,0,,1,BA,EMP_TEMP_SEX_ECO_DT
ILO:DF_YI_KOS_EMP_TEMP_SEX_ECO_DT(1.0),YI,KOS,A,700,EMP_TEMP_DT,SEX_M,ECO_ISIC4_O,2012,4.87,,,,,,,3513,,,,,,,,,,DT,PT,0,,1,BA,EMP_TEMP_SEX_ECO_DT
ILO:DF_YI_KOS_EMP_TEMP_SEX_ECO_DT(1.0),YI,KOS,A,700,EMP_TEMP_DT,SEX_M,ECO_ISIC4_O,2014,6.15,,,,,,,,,,,,,,,,,DT,PT,0,,1,BA,EMP_TEMP_SEX_ECO_DT
ILO:DF_YI_KOS_EMP_TEMP_SEX_ECO_DT(1.0),YI,KOS,A,700,EMP_TEMP_DT,SEX_M,ECO_ISIC4_O,2015,7.27,,,,,,,,,,,,,,,,,DT,PT,0,,1,BA,EMP_TEMP_SEX_ECO_DT
ILO:DF_YI_KOS_EMP_TEMP_SEX_ECO_DT(1.0),YI,KOS,A,700,EMP_TEMP_DT,SEX_M,ECO_ISIC4_O,2016,7.44,,,,,,,,,,,,,,,,,DT,PT,0,,1,BA,EMP_TEMP_SEX_ECO_DT
ILO:DF_YI_KOS_EMP_TEMP_SEX_ECO_DT(1.0),YI,KOS,A,700,EMP_TEMP_DT,SEX_M,ECO_ISIC4_P,2012,9.61,,,,,,,3513,,,,,,,,,,DT,PT,0,,1,BA,EMP_TEMP_SEX_ECO_DT
ILO:DF_YI_KOS_EMP_TEMP_SEX_ECO_DT(1.0),YI,KOS,A,700,EMP_TEMP_DT,SEX_M,ECO_ISIC4_P,2016,7.74,,,,,,,,,,,,,,,,,DT,PT,0,,1,BA,EMP_TEMP_SEX_ECO_DT
ILO:DF_YI_KOS_EMP_TEMP_SEX_ECO_DT(1.0),YI,KOS,A,700,EMP_TEMP_DT,SEX_M,ECO_ISIC4_P,2015,9.44,,,,,,,,,,,,,,,,,DT,PT,0,,1,BA,EMP_TEMP_SEX_ECO_DT
ILO:DF_YI_KOS_EMP_TEMP_SEX_ECO_DT(1.0),YI,KOS,A,700,EMP_TEMP_DT,SEX_M,ECO_ISIC4_P,2014,8.93,,,,,,,,,,,,,,,,,DT,PT,0,,1,BA,EMP_TEMP_SEX_ECO_DT
ILO:DF_YI_KOS_EMP_TEMP_SEX_ECO_DT(1.0),YI,KOS,A,700,EMP_TEMP_DT,SEX_M,ECO_ISIC4_T,2012,1.88,,,,,,,3513,,,,,,,,,,DT,PT,0,,1,BA,EMP_TEMP_SEX_ECO_DT
ILO:DF_YI_KOS_EMP_TEMP_SEX_ECO_DT(1.0),YI,KOS,A,700,EMP_TEMP_DT,SEX_M,ECO_ISIC4_T,2014,1.61,,,,,,,,,,,,,,,,,DT,PT,0,,1,BA,EMP_TEMP_SEX_ECO_DT
ILO:DF_YI_KOS_EMP_TEMP_SEX_ECO_DT(1.0),YI,KOS,A,700,EMP_TEMP_DT,SEX_M,ECO_ISIC4_T,2016,0.76,,,,,,,,,,,,,,,,,DT,PT,0,,1,BA,EMP_TEMP_SEX_ECO_DT
ILO:DF_YI_KOS_EMP_TEMP_SEX_ECO_DT(1.0),YI,KOS,A,700,EMP_TEMP_DT,SEX_M,ECO_ISIC4_T,2015,0.87,,,,,,,,,,,,,,,,,DT,PT,0,,1,BA,EMP_TEMP_SEX_ECO_DT
ILO:DF_YI_KOS_EMP_TEMP_SEX_ECO_DT(1.0),YI,KOS,A,700,EMP_TEMP_DT,SEX_F,ECO_ISIC4_H,2012,2.23,,,,,,,3513,,,,,,,,,,DT,PT,0,,1,BA,EMP_TEMP_SEX_ECO_DT
ILO:DF_YI_KOS_EMP_TEMP_SEX_ECO_DT(1.0),YI,KOS,A,700,EMP_TEMP_DT,SEX_F,ECO_ISIC4_H,2015,0.59,,,,,,,,,,,,,,,,,DT,PT,0,,1,BA,EMP_TEMP_SEX_ECO_DT
ILO:DF_YI_KOS_EMP_TEMP_SEX_ECO_DT(1.0),YI,KOS,A,700,EMP_TEMP_DT,SEX_F,ECO_ISIC4_H,2016,1.08,,,,,,,,,,,,,,,,,DT,PT,0,,1,BA,EMP_TEMP_SEX_ECO_DT
ILO:DF_YI_KOS_EMP_TEMP_SEX_ECO_DT(1.0),YI,KOS,A,700,EMP_TEMP_DT,SEX_F,ECO_ISIC4_H,2014,0.64,,,,,,,,,,,,,,,,,DT,PT,0,,1,BA,EMP_TEMP_SEX_ECO_DT
ILO:DF_YI_KOS_EMP_TEMP_SEX_ECO_DT(1.0),YI,KOS,A,700,EMP_TEMP_DT,SEX_F,ECO_ISIC4_O,2012,5.28,,,,,,,3513,,,,,,,,,,DT,PT,0,,1,BA,EMP_TEMP_SEX_ECO_DT
ILO:DF_YI_KOS_EMP_TEMP_SEX_ECO_DT(1.0),YI,KOS,A,700,EMP_TEMP_DT,SEX_F,ECO_ISIC4_O,2016,7.34,,,,,,,,,,,,,,,,,DT,PT,0,,1,BA,EMP_TEMP_SEX_ECO_DT
ILO:DF_YI_KOS_EMP_TEMP_SEX_ECO_DT(1.0),YI,KOS,A,700,EMP_TEMP_DT,SEX_F,ECO_ISIC4_O,2015,7.82,,,,,,,,,,,,,,,,,DT,PT,0,,1,BA,EMP_TEMP_SEX_ECO_DT
ILO:DF_YI_KOS_EMP_TEMP_SEX_ECO_DT(1.0),YI,KOS,A,700,EMP_TEMP_DT,SEX_F,ECO_ISIC4_O,2014,7.05,,,,,,,,,,,,,,,,,DT,PT,0,,1,BA,EMP_TEMP_SEX_ECO_DT
ILO:DF_YI_KOS_EMP_TEMP_SEX_ECO_DT(1.0),YI,KOS,A,700,EMP_TEMP_DT,SEX_T,ECO_AGGREGATE_PUB,2012,34.14,,,,,,,3513,,,,,,,,,,DT,PT,0,,1,BA,EMP_TEMP_SEX_ECO_DT
ILO:DF_YI_KOS_EMP_TEMP_SEX_ECO_DT(1.0),YI,KOS,A,700,EMP_TEMP_DT,SEX_T,ECO_AGGREGATE_PUB,2015,35.02,,,,,,,,,,,,,,,,,DT,PT,0,,1,BA,EMP_TEMP_SEX_ECO_DT
ILO:DF_YI_KOS_EMP_TEMP_SEX_ECO_DT(1.0),YI,KOS,A,700,EMP_TEMP_DT,SEX_T,ECO_AGGREGATE_PUB,2016,32.38,,,,,,,,,,,,,,,,,DT,PT,0,,1,BA,EMP_TEMP_SEX_ECO_DT
ILO:DF_YI_KOS_EMP_TEMP_SEX_ECO_DT(1.0),YI,KOS,A,700,EMP_TEMP_DT,SEX_T,ECO_AGGREGATE_PUB,2014,34.76,,,,,,,,,,,,,,,,,DT,PT,0,,1,BA,EMP_TEMP_SEX_ECO_DT
ILO:DF_YI_KOS_EMP_TEMP_SEX_ECO_DT(1.0),YI,KOS,A,700,EMP_TEMP_DT,SEX_F,ECO_AGGREGATE_AGR,2012,5.10,,,,,,,3513,,,,,,,,,,DT,PT,0,,1,BA,EMP_TEMP_SEX_ECO_DT
ILO:DF_YI_KOS_EMP_TEMP_SEX_ECO_DT(1.0),YI,KOS,A,700,EMP_TEMP_DT,SEX_F,ECO_AGGREGATE_AGR,2015,1.06,,,,,,,,,,,,,,,,,DT,PT,0,,1,BA,EMP_TEMP_SEX_ECO_DT
ILO:DF_YI_KOS_EMP_TEMP_SEX_ECO_DT(1.0),YI,KOS,A,700,EMP_TEMP_DT,SEX_F,ECO_AGGREGATE_AGR,2014,1.46,,,,,,,,,,,,,,,,,DT,PT,0,,1,BA,EMP_TEMP_SEX_ECO_DT
ILO:DF_YI_KOS_EMP_TEMP_SEX_ECO_DT(1.0),YI,KOS,A,700,EMP_TEMP_DT,SEX_F,ECO_AGGREGATE_AGR,2016,2.26,,,,,,,,,,,,,,,,,DT,PT,0,,1,BA,EMP_TEMP_SEX_ECO_DT
ILO:DF_YI_KOS_EMP_TEMP_SEX_ECO_DT(1.0),YI,KOS,A,700,EMP_TEMP_DT,SEX_M,ECO_SECTOR_AGR,2014,2.99,,,,,,,,,,,,,,,,,DT,PT,0,,1,BA,EMP_TEMP_SEX_ECO_DT
ILO:DF_YI_KOS_EMP_TEMP_SEX_ECO_DT(1.0),YI,KOS,A,700,EMP_TEMP_DT,SEX_M,ECO_SECTOR_AGR,2015,2.60,,,,,,,,,,,,,,,,,DT,PT,0,,1,BA,EMP_TEMP_SEX_ECO_DT
ILO:DF_YI_KOS_EMP_TEMP_SEX_ECO_DT(1.0),YI,KOS,A,700,EMP_TEMP_DT,SEX_M,ECO_SECTOR_AGR,2012,4.24,,,,,,,3513,,,,,,,,,,DT,PT,0,,1,BA,EMP_TEMP_SEX_ECO_DT
ILO:DF_YI_KOS_EMP_TEMP_SEX_ECO_DT(1.0),YI,KOS,A,700,EMP_TEMP_DT,SEX_M,ECO_SECTOR_AGR,2016,4.82,,,,,,,,,,,,,,,,,DT,PT,0,,1,BA,EMP_TEMP_SEX_ECO_DT
ILO:DF_YI_KOS_EMP_TEMP_SEX_ECO_DT(1.0),YI,KOS,A,700,EMP_TEMP_DT,SEX_T,ECO_SECTOR_IND,2014,28.61,,,,,,,,,,,,,,,,,DT,PT,0,,1,BA,EMP_TEMP_SEX_ECO_DT
ILO:DF_YI_KOS_EMP_TEMP_SEX_ECO_DT(1.0),YI,KOS,A,700,EMP_TEMP_DT,SEX_T,ECO_SECTOR_IND,2016,29.52,,,,,,,,,,,,,,,,,DT,PT,0,,1,BA,EMP_TEMP_SEX_ECO_DT
ILO:DF_YI_KOS_EMP_TEMP_SEX_ECO_DT(1.0),YI,KOS,A,700,EMP_TEMP_DT,SEX_T,ECO_SECTOR_IND,2015,28.25,,,,,,,,,,,,,,,,,DT,PT,0,,1,BA,EMP_TEMP_SEX_ECO_DT
ILO:DF_YI_KOS_EMP_TEMP_SEX_ECO_DT(1.0),YI,KOS,A,700,EMP_TEMP_DT,SEX_T,ECO_SECTOR_IND,2012,28.33,,,,,,,3513,,,,,,,,,,DT,PT,0,,1,BA,EMP_TEMP_SEX_ECO_DT
ILO:DF_YI_KOS_EMP_TEMP_SEX_ECO_DT(1.0),YI,KOS,A,700,EMP_TEMP_DT,SEX_F,ECO_ISIC4_C,2014,7.16,,,,,,,,,,,,,,,,,DT,PT,0,,1,BA,EMP_TEMP_SEX_ECO_DT
ILO:DF_YI_KOS_EMP_TEMP_SEX_ECO_DT(1.0),YI,KOS,A,700,EMP_TEMP_DT,SEX_F,ECO_ISIC4_C,2016,5.81,,,,,,,,,,,,,,,,,DT,PT,0,,1,BA,EMP_TEMP_SEX_ECO_DT
ILO:DF_YI_KOS_EMP_TEMP_SEX_ECO_DT(1.0),YI,KOS,A,700,EMP_TEMP_DT,SEX_F,ECO_ISIC4_C,2012,7.92,,,,,,,3513,,,,,,,,,,DT,PT,0,,1,BA,EMP_TEMP_SEX_ECO_DT
ILO:DF_YI_KOS_EMP_TEMP_SEX_ECO_DT(1.0),YI,KOS,A,700,EMP_TEMP_DT,SEX_F,ECO_ISIC4_C,2015,6.67,,,,,,,,,,,,,,,,,DT,PT,0,,1,BA,EMP_TEMP_SEX_ECO_DT
ILO:DF_YI_KOS_EMP_TEMP_SEX_ECO_DT(1.0),YI,KOS,A,700,EMP_TEMP_DT,SEX_F,ECO_ISIC4_TOTAL,2014,100,,,,,,,,,,,,,,,,,DT,PT,0,,1,BA,EMP_TEMP_SEX_ECO_DT
ILO:DF_YI_KOS_EMP_TEMP_SEX_ECO_DT(1.0),YI,KOS,A,700,EMP_TEMP_DT,SEX_F,ECO_ISIC4_TOTAL,2016,100,,,,,,,,,,,,,,,,,DT,PT,0,,1,BA,EMP_TEMP_SEX_ECO_DT
ILO:DF_YI_KOS_EMP_TEMP_SEX_ECO_DT(1.0),YI,KOS,A,700,EMP_TEMP_DT,SEX_F,ECO_ISIC4_TOTAL,2012,100,,,,,,,3513,,,,,,,,,,DT,PT,0,,1,BA,EMP_TEMP_SEX_ECO_DT
ILO:DF_YI_KOS_EMP_TEMP_SEX_ECO_DT(1.0),YI,KOS,A,700,EMP_TEMP_DT,SEX_F,ECO_ISIC4_TOTAL,2015,100,,,,,,,,,,,,,,,,,DT,PT,0,,1,BA,EMP_TEMP_SEX_ECO_DT
ILO:DF_YI_KOS_EMP_TEMP_SEX_ECO_DT(1.0),YI,KOS,A,700,EMP_TEMP_DT,SEX_F,ECO_ISIC4_B,2014,0.29,,,,,,,,,,,,,,,,,DT,PT,0,,1,BA,EMP_TEMP_SEX_ECO_DT
ILO:DF_YI_KOS_EMP_TEMP_SEX_ECO_DT(1.0),YI,KOS,A,700,EMP_TEMP_DT,SEX_F,ECO_ISIC4_B,2012,0.31,,,,,,,3513,,,,,,,,,U,DT,PT,0,,1,BA,EMP_TEMP_SEX_ECO_DT
ILO:DF_YI_KOS_EMP_TEMP_SEX_ECO_DT(1.0),YI,KOS,A,700,EMP_TEMP_DT,SEX_F,ECO_ISIC4_B,2015,0.04,,,,,,,,,,,,,,,,,DT,PT,0,,1,BA,EMP_TEMP_SEX_ECO_DT
ILO:DF_YI_KOS_EMP_TEMP_SEX_ECO_DT(1.0),YI,KOS,A,700,EMP_TEMP_DT,SEX_T,ECO_AGGREGATE_MAN,2015,14.70,,,,,,,,,,,,,,,,,DT,PT,0,,1,BA,EMP_TEMP_SEX_ECO_DT
ILO:DF_YI_KOS_EMP_TEMP_SEX_ECO_DT(1.0),YI,KOS,A,700,EMP_TEMP_DT,SEX_T,ECO_AGGREGATE_MAN,2012,14.26,,,,,,,3513,,,,,,,,,,DT,PT,0,,1,BA,EMP_TEMP_SEX_ECO_DT
ILO:DF_YI_KOS_EMP_TEMP_SEX_ECO_DT(1.0),YI,KOS,A,700,EMP_TEMP_DT,SEX_T,ECO_AGGREGATE_MAN,2016,13.24,,,,,,,,,,,,,,,,,DT,PT,0,,1,BA,EMP_TEMP_SEX_ECO_DT
ILO:DF_YI_KOS_EMP_TEMP_SEX_ECO_DT(1.0),YI,KOS,A,700,EMP_TEMP_DT,SEX_T,ECO_AGGREGATE_MAN,2014,13.78,,,,,,,,,,,,,,,,,DT,PT,0,,1,BA,EMP_TEMP_SEX_ECO_DT
ILO:DF_YI_KOS_EMP_TEMP_SEX_ECO_DT(1.0),YI,KOS,A,700,EMP_TEMP_DT,SEX_M,ECO_AGGREGATE_MAN,2015,17.03,,,,,,,,,,,,,,,,,DT,PT,0,,1,BA,EMP_TEMP_SEX_ECO_DT
ILO:DF_YI_KOS_EMP_TEMP_SEX_ECO_DT(1.0),YI,KOS,A,700,EMP_TEMP_DT,SEX_M,ECO_AGGREGATE_MAN,2012,15.92,,,,,,,3513,,,,,,,,,,DT,PT,0,,1,BA,EMP_TEMP_SEX_ECO_DT
ILO:DF_YI_KOS_EMP_TEMP_SEX_ECO_DT(1.0),YI,KOS,A,700,EMP_TEMP_DT,SEX_M,ECO_AGGREGATE_MAN,2016,15.38,,,,,,,,,,,,,,,,,DT,PT,0,,1,BA,EMP_TEMP_SEX_ECO_DT
ILO:DF_YI_KOS_EMP_TEMP_SEX_ECO_DT(1.0),YI,KOS,A,700,EMP_TEMP_DT,SEX_M,ECO_AGGREGATE_MAN,2014,15.79,,,,,,,,,,,,,,,,,DT,PT,0,,1,BA,EMP_TEMP_SEX_ECO_DT
ILO:DF_YI_KOS_EMP_TEMP_SEX_ECO_DT(1.0),YI,KOS,A,700,EMP_TEMP_DT,SEX_M,ECO_ISIC4_G,2015,14.32,,,,,,,,,,,,,,,,,DT,PT,0,,1,BA,EMP_TEMP_SEX_ECO_DT
ILO:DF_YI_KOS_EMP_TEMP_SEX_ECO_DT(1.0),YI,KOS,A,700,EMP_TEMP_DT,SEX_M,ECO_ISIC4_G,2014,13.90,,,,,,,,,,,,,,,,,DT,PT,0,,1,BA,EMP_TEMP_SEX_ECO_DT
ILO:DF_YI_KOS_EMP_TEMP_SEX_ECO_DT(1.0),YI,KOS,A,700,EMP_TEMP_DT,SEX_M,ECO_ISIC4_G,2016,14.18,,,,,,,,,,,,,,,,,DT,PT,0,,1,BA,EMP_TEMP_SEX_ECO_DT
ILO:DF_YI_KOS_EMP_TEMP_SEX_ECO_DT(1.0),YI,KOS,A,700,EMP_TEMP_DT,SEX_M,ECO_ISIC4_G,2012,13.11,,,,,,,3513,,,,,,,,,,DT,PT,0,,1,BA,EMP_TEMP_SEX_ECO_DT
ILO:DF_YI_KOS_EMP_TEMP_SEX_ECO_DT(1.0),YI,KOS,A,700,EMP_TEMP_DT,SEX_F,ECO_ISIC4_K,2015,2.88,,,,,,,,,,,,,,,,,DT,PT,0,,1,BA,EMP_TEMP_SEX_ECO_DT
ILO:DF_YI_KOS_EMP_TEMP_SEX_ECO_DT(1.0),YI,KOS,A,700,EMP_TEMP_DT,SEX_F,ECO_ISIC4_K,2016,2.88,,,,,,,,,,,,,,,,,DT,PT,0,,1,BA,EMP_TEMP_SEX_ECO_DT
ILO:DF_YI_KOS_EMP_TEMP_SEX_ECO_DT(1.0),YI,KOS,A,700,EMP_TEMP_DT,SEX_F,ECO_ISIC4_K,2012,2.95,,,,,,,3513,,,,,,,,,,DT,PT,0,,1,BA,EMP_TEMP_SEX_ECO_DT
ILO:DF_YI_KOS_EMP_TEMP_SEX_ECO_DT(1.0),YI,KOS,A,700,EMP_TEMP_DT,SEX_F,ECO_ISIC4_K,2014,1.84,,,,,,,,,,,,,,,,,DT,PT,0,,1,BA,EMP_TEMP_SEX_ECO_DT
ILO:DF_YI_KOS_EMP_TEMP_SEX_ECO_DT(1.0),YI,KOS,A,700,EMP_TEMP_DT,SEX_F,ECO_ISIC4_L,2015,0.09,,,,,,,,,,,,,,,,,DT,PT,0,,1,BA,EMP_TEMP_SEX_ECO_DT
ILO:DF_YI_KOS_EMP_TEMP_SEX_ECO_DT(1.0),YI,KOS,A,700,EMP_TEMP_DT,SEX_F,ECO_ISIC4_L,2014,0.17,,,,,,,,,,,,,,,,,DT,PT,0,,1,BA,EMP_TEMP_SEX_ECO_DT
ILO:DF_YI_KOS_EMP_TEMP_SEX_ECO_DT(1.0),YI,KOS,A,700,EMP_TEMP_DT,SEX_F,ECO_ISIC4_L,2016,0.03,,,,,,,,,,,,,,,,,DT,PT,0,,1,BA,EMP_TEMP_SEX_ECO_DT
ILO:DF_YI_KOS_EMP_TEMP_SEX_ECO_DT(1.0),YI,KOS,A,700,EMP_TEMP_DT,SEX_T,ECO_ISIC4_C,2016,13.24,,,,,,,,,,,,,,,,,DT,PT,0,,1,BA,EMP_TEMP_SEX_ECO_DT
ILO:DF_YI_KOS_EMP_TEMP_SEX_ECO_DT(1.0),YI,KOS,A,700,EMP_TEMP_DT,SEX_T,ECO_ISIC4_C,2012,14.26,,,,,,,3513,,,,,,,,,,DT,PT,0,,1,BA,EMP_TEMP_SEX_ECO_DT
ILO:DF_YI_KOS_EMP_TEMP_SEX_ECO_DT(1.0),YI,KOS,A,700,EMP_TEMP_DT,SEX_T,ECO_ISIC4_C,2015,14.70,,,,,,,,,,,,,,,,,DT,PT,0,,1,BA,EMP_TEMP_SEX_ECO_DT
ILO:DF_YI_KOS_EMP_TEMP_SEX_ECO_DT(1.0),YI,KOS,A,700,EMP_TEMP_DT,SEX_T,ECO_ISIC4_C,2014,13.78,,,,,,,,,,,,,,,,,DT,PT,0,,1,BA,EMP_TEMP_SEX_ECO_DT
ILO:DF_YI_KOS_EMP_TEMP_SEX_ECO_DT(1.0),YI,KOS,A,700,EMP_TEMP_DT,SEX_T,ECO_ISIC4_K,2016,1.94,,,,,,,,,,,,,,,,,DT,PT,0,,1,BA,EMP_TEMP_SEX_ECO_DT
ILO:DF_YI_KOS_EMP_TEMP_SEX_ECO_DT(1.0),YI,KOS,A,700,EMP_TEMP_DT,SEX_T,ECO_ISIC4_K,2012,2.22,,,,,,,3513,,,,,,,,,,DT,PT,0,,1,BA,EMP_TEMP_SEX_ECO_DT
ILO:DF_YI_KOS_EMP_TEMP_SEX_ECO_DT(1.0),YI,KOS,A,700,EMP_TEMP_DT,SEX_T,ECO_ISIC4_K,2014,1.82,,,,,,,,,,,,,,,,,DT,PT,0,,1,BA,EMP_TEMP_SEX_ECO_DT
ILO:DF_YI_KOS_EMP_TEMP_SEX_ECO_DT(1.0),YI,KOS,A,700,EMP_TEMP_DT,SEX_T,ECO_ISIC4_K,2015,1.97,,,,,,,,,,,,,,,,,DT,PT,0,,1,BA,EMP_TEMP_SEX_ECO_DT
ILO:DF_YI_KOS_EMP_TEMP_SEX_ECO_DT(1.0),YI,KOS,A,700,EMP_TEMP_DT,SEX_M,ECO_ISIC4_F,2016,14.72,,,,,,,,,,,,,,,,,DT,PT,0,,1,BA,EMP_TEMP_SEX_ECO_DT
ILO:DF_YI_KOS_EMP_TEMP_SEX_ECO_DT(1.0),YI,KOS,A,700,EMP_TEMP_DT,SEX_M,ECO_ISIC4_F,2014,13.86,,,,,,,,,,,,,,,,,DT,PT,0,,1,BA,EMP_TEMP_SEX_ECO_DT
ILO:DF_YI_KOS_EMP_TEMP_SEX_ECO_DT(1.0),YI,KOS,A,700,EMP_TEMP_DT,SEX_M,ECO_ISIC4_F,2012,11.90,,,,,,,3513,,,,,,,,,,DT,PT,0,,1,BA,EMP_TEMP_SEX_ECO_DT
ILO:DF_YI_KOS_EMP_TEMP_SEX_ECO_DT(1.0),YI,KOS,A,700,EMP_TEMP_DT,SEX_M,ECO_ISIC4_F,2015,12,,,,,,,,,,,,,,,,,DT,PT,0,,1,BA,EMP_TEMP_SEX_ECO_DT
ILO:DF_YI_KOS_EMP_TEMP_SEX_ECO_DT(1.0),YI,KOS,A,700,EMP_TEMP_DT,SEX_M,ECO_ISIC4_R,2016,1.46,,,,,,,,,,,,,,,,,DT,PT,0,,1,BA,EMP_TEMP_SEX_ECO_DT
ILO:DF_YI_KOS_EMP_TEMP_SEX_ECO_DT(1.0),YI,KOS,A,700,EMP_TEMP_DT,SEX_M,ECO_ISIC4_R,2012,2.31,,,,,,,3513,,,,,,,,,,DT,PT,0,,1,BA,EMP_TEMP_SEX_ECO_DT
ILO:DF_YI_KOS_EMP_TEMP_SEX_ECO_DT(1.0),YI,KOS,A,700,EMP_TEMP_DT,SEX_M,ECO_ISIC4_R,2014,1.57,,,,,,,,,,,,,,,,,DT,PT,0,,1,BA,EMP_TEMP_SEX_ECO_DT
ILO:DF_YI_KOS_EMP_TEMP_SEX_ECO_DT(1.0),YI,KOS,A,700,EMP_TEMP_DT,SEX_M,ECO_ISIC4_R,2015,1.57,,,,,,,,,,,,,,,,,DT,PT,0,,1,BA,EMP_TEMP_SEX_ECO_DT
ILO:DF_YI_KOS_EMP_TEMP_SEX_ECO_DT(1.0),YI,KOS,A,700,EMP_TEMP_DT,SEX_F,ECO_ISIC4_J,2016,2.46,,,,,,,,,,,,,,,,,DT,PT,0,,1,BA,EMP_TEMP_SEX_ECO_DT
ILO:DF_YI_KOS_EMP_TEMP_SEX_ECO_DT(1.0),YI,KOS,A,700,EMP_TEMP_DT,SEX_F,ECO_ISIC4_J,2014,2.72,,,,,,,,,,,,,,,,,DT,PT,0,,1,BA,EMP_TEMP_SEX_ECO_DT
ILO:DF_YI_KOS_EMP_TEMP_SEX_ECO_DT(1.0),YI,KOS,A,700,EMP_TEMP_DT,SEX_F,ECO_ISIC4_J,2015,3.51,,,,,,,,,,,,,,,,,DT,PT,0,,1,BA,EMP_TEMP_SEX_ECO_DT
ILO:DF_YI_KOS_EMP_TEMP_SEX_ECO_DT(1.0),YI,KOS,A,700,EMP_TEMP_DT,SEX_F,ECO_ISIC4_J,2012,2.59,,,,,,,3513,,,,,,,,,,DT,PT,0,,1,BA,EMP_TEMP_SEX_ECO_DT
ILO:DF_YI_KOS_EMP_TEMP_SEX_ECO_DT(1.0),YI,KOS,A,700,EMP_TEMP_DT,SEX_F,ECO_ISIC4_S,2016,4.33,,,,,,,,,,,,,,,,,DT,PT,0,,1,BA,EMP_TEMP_SEX_ECO_DT
ILO:DF_YI_KOS_EMP_TEMP_SEX_ECO_DT(1.0),YI,KOS,A,700,EMP_TEMP_DT,SEX_F,ECO_ISIC4_S,2015,4.68,,,,,,,,,,,,,,,,,DT,PT,0,,1,BA,EMP_TEMP_SEX_ECO_DT
ILO:DF_YI_KOS_EMP_TEMP_SEX_ECO_DT(1.0),YI,KOS,A,700,EMP_TEMP_DT,SEX_F,ECO_ISIC4_S,2014,3.36,,,,,,,,,,,,,,,,,DT,PT,0,,1,BA,EMP_TEMP_SEX_ECO_DT
ILO:DF_YI_KOS_EMP_TEMP_SEX_ECO_DT(1.0),YI,KOS,A,700,EMP_TEMP_DT,SEX_F,ECO_ISIC4_S,2012,6.34,,,,,,,3513,,,,,,,,,,DT,PT,0,,1,BA,EMP_TEMP_SEX_ECO_DT
ILO:DF_YI_KOS_EMP_TEMP_SEX_ECO_DT(1.0),YI,KOS,A,700,EMP_TEMP_DT,SEX_M,ECO_AGGREGATE_CON,2016,14.72,,,,,,,,,,,,,,,,,DT,PT,0,,1,BA,EMP_TEMP_SEX_ECO_DT
ILO:DF_YI_KOS_EMP_TEMP_SEX_ECO_DT(1.0),YI,KOS,A,700,EMP_TEMP_DT,SEX_M,ECO_AGGREGATE_CON,2014,13.86,,,,,,,,,,,,,,,,,DT,PT,0,,1,BA,EMP_TEMP_SEX_ECO_DT
ILO:DF_YI_KOS_EMP_TEMP_SEX_ECO_DT(1.0),YI,KOS,A,700,EMP_TEMP_DT,SEX_M,ECO_AGGREGATE_CON,2012,11.90,,,,,,,3513,,,,,,,,,,DT,PT,0,,1,BA,EMP_TEMP_SEX_ECO_DT
ILO:DF_YI_KOS_EMP_TEMP_SEX_ECO_DT(1.0),YI,KOS,A,700,EMP_TEMP_DT,SEX_M,ECO_AGGREGATE_CON,2015,12,,,,,,,,,,,,,,,,,DT,PT,0,,1,BA,EMP_TEMP_SEX_ECO_DT
ILO:DF_YI_KOS_EMP_TEMP_SEX_ECO_DT(1.0),YI,KOS,A,700,EMP_TEMP_DT,SEX_T,ECO_SECTOR_X,2012,0.46,,,,,,,3513,,,,,,,,,,DT,PT,0,,1,BA,EMP_TEMP_SEX_ECO_DT
ILO:DF_YI_KOS_EMP_TEMP_SEX_ECO_DT(1.0),YI,KOS,A,700,EMP_TEMP_DT,SEX_T,ECO_ISIC4_A,2012,4.42,,,,,,,3513,,,,,,,,,,DT,PT,0,,1,BA,EMP_TEMP_SEX_ECO_DT
ILO:DF_YI_KOS_EMP_TEMP_SEX_ECO_DT(1.0),YI,KOS,A,700,EMP_TEMP_DT,SEX_T,ECO_ISIC4_A,2015,2.25,,,,,,,,,,,,,,,,,DT,PT,0,,1,BA,EMP_TEMP_SEX_ECO_DT
ILO:DF_YI_KOS_EMP_TEMP_SEX_ECO_DT(1.0),YI,KOS,A,700,EMP_TEMP_DT,SEX_T,ECO_ISIC4_A,2016,4.25,,,,,,,,,,,,,,,,,DT,PT,0,,1,BA,EMP_TEMP_SEX_ECO_DT
ILO:DF_YI_KOS_EMP_TEMP_SEX_ECO_DT(1.0),YI,KOS,A,700,EMP_TEMP_DT,SEX_T,ECO_ISIC4_A,2014,2.64,,,,,,,,,,,,,,,,,DT,PT,0,,1,BA,EMP_TEMP_SEX_ECO_DT
ILO:DF_YI_KOS_EMP_TEMP_SEX_ECO_DT(1.0),YI,KOS,A,700,EMP_TEMP_DT,SEX_M,ECO_ISIC4_E,2012,1.31,,,,,,,3513,,,,,,,,,,DT,PT,0,,1,BA,EMP_TEMP_SEX_ECO_DT
ILO:DF_YI_KOS_EMP_TEMP_SEX_ECO_DT(1.0),YI,KOS,A,700,EMP_TEMP_DT,SEX_M,ECO_ISIC4_E,2014,1.28,,,,,,,,,,,,,,,,,DT,PT,0,,1,BA,EMP_TEMP_SEX_ECO_DT
ILO:DF_YI_KOS_EMP_TEMP_SEX_ECO_DT(1.0),YI,KOS,A,700,EMP_TEMP_DT,SEX_M,ECO_ISIC4_E,2015,1.75,,,,,,,,,,,,,,,,,DT,PT,0,,1,BA,EMP_TEMP_SEX_ECO_DT
ILO:DF_YI_KOS_EMP_TEMP_SEX_ECO_DT(1.0),YI,KOS,A,700,EMP_TEMP_DT,SEX_M,ECO_ISIC4_E,2016,2.35,,,,,,,,,,,,,,,,,DT,PT,0,,1,BA,EMP_TEMP_SEX_ECO_DT
ILO:DF_YI_KOS_EMP_TEMP_SEX_ECO_DT(1.0),YI,KOS,A,700,EMP_TEMP_DT,SEX_M,ECO_AGGREGATE_X,2012,0.41,,,,,,,3513,,,,,,,,,,DT,PT,0,,1,BA,EMP_TEMP_SEX_ECO_DT
ILO:DF_YI_KOS_EMP_TEMP_SEX_ECO_DT(1.0),YI,KOS,A,700,EMP_TEMP_DT,SEX_F,ECO_ISIC4_D,2014,0.47,,,,,,,,,,,,,,,,,DT,PT,0,,1,BA,EMP_TEMP_SEX_ECO_DT
ILO:DF_YI_KOS_EMP_TEMP_SEX_ECO_DT(1.0),YI,KOS,A,700,EMP_TEMP_DT,SEX_F,ECO_ISIC4_D,2016,0.22,,,,,,,,,,,,,,,,,DT,PT,0,,1,BA,EMP_TEMP_SEX_ECO_DT
ILO:DF_YI_KOS_EMP_TEMP_SEX_ECO_DT(1.0),YI,KOS,A,700,EMP_TEMP_DT,SEX_F,ECO_ISIC4_D,2015,0.42,,,,,,,,,,,,,,,,,DT,PT,0,,1,BA,EMP_TEMP_SEX_ECO_DT
ILO:DF_YI_KOS_EMP_TEMP_SEX_ECO_DT(1.0),YI,KOS,A,700,EMP_TEMP_DT,SEX_F,ECO_ISIC4_D,2012,0.93,,,,,,,3513,,,,,,,,,,DT,PT,0,,1,BA,EMP_TEMP_SEX_ECO_DT
ILO:DF_YI_KOS_EMP_TEMP_SEX_ECO_DT(1.0),YI,KOS,A,700,EMP_TEMP_DT,SEX_T,ECO_ISIC4_J,2014,2.94,,,,,,,,,,,,,,,,,DT,PT,0,,1,BA,EMP_TEMP_SEX_ECO_DT
ILO:DF_YI_KOS_EMP_TEMP_SEX_ECO_DT(1.0),YI,KOS,A,700,EMP_TEMP_DT,SEX_T,ECO_ISIC4_J,2012,2.26,,,,,,,3513,,,,,,,,,,DT,PT,0,,1,BA,EMP_TEMP_SEX_ECO_DT
ILO:DF_YI_KOS_EMP_TEMP_SEX_ECO_DT(1.0),YI,KOS,A,700,EMP_TEMP_DT,SEX_T,ECO_ISIC4_J,2016,2.19,,,,,,,,,,,,,,,,,DT,PT,0,,1,BA,EMP_TEMP_SEX_ECO_DT
ILO:DF_YI_KOS_EMP_TEMP_SEX_ECO_DT(1.0),YI,KOS,A,700,EMP_TEMP_DT,SEX_T,ECO_ISIC4_J,2015,3.22,,,,,,,,,,,,,,,,,DT,PT,0,,1,BA,EMP_TEMP_SEX_ECO_DT
ILO:DF_YI_KOS_EMP_TEMP_SEX_ECO_DT(1.0),YI,KOS,A,700,EMP_TEMP_DT,SEX_T,ECO_ISIC4_O,2014,6.36,,,,,,,,,,,,,,,,,DT,PT,0,,1,BA,EMP_TEMP_SEX_ECO_DT
ILO:DF_YI_KOS_EMP_TEMP_SEX_ECO_DT(1.0),YI,KOS,A,700,EMP_TEMP_DT,SEX_T,ECO_ISIC4_O,2015,7.39,,,,,,,,,,,,,,,,,DT,PT,0,,1,BA,EMP_TEMP_SEX_ECO_DT
ILO:DF_YI_KOS_EMP_TEMP_SEX_ECO_DT(1.0),YI,KOS,A,700,EMP_TEMP_DT,SEX_T,ECO_ISIC4_O,2016,7.42,,,,,,,,,,,,,,,,,DT,PT,0,,1,BA,EMP_TEMP_SEX_ECO_DT
ILO:DF_YI_KOS_EMP_TEMP_SEX_ECO_DT(1.0),YI,KOS,A,700,EMP_TEMP_DT,SEX_T,ECO_ISIC4_O,2012,4.95,,,,,,,3513,,,,,,,,,,DT,PT,0,,1,BA,EMP_TEMP_SEX_ECO_DT
ILO:DF_YI_KOS_EMP_TEMP_SEX_ECO_DT(1.0),YI,KOS,A,700,EMP_TEMP_DT,SEX_T,ECO_SECTOR_NAG,2015,97.75,,,,,,,,,,,,,,,,,DT,PT,0,,1,BA,EMP_TEMP_SEX_ECO_DT
ILO:DF_YI_KOS_EMP_TEMP_SEX_ECO_DT(1.0),YI,KOS,A,700,EMP_TEMP_DT,SEX_T,ECO_SECTOR_NAG,2016,95.75,,,,,,,,,,,,,,,,,DT,PT,0,,1,BA,EMP_TEMP_SEX_ECO_DT
ILO:DF_YI_KOS_EMP_TEMP_SEX_ECO_DT(1.0),YI,KOS,A,700,EMP_TEMP_DT,SEX_T,ECO_SECTOR_NAG,2012,95.58,,,,,,,3513,,,,,,,,,,DT,PT,0,,1,BA,EMP_TEMP_SEX_ECO_DT
ILO:DF_YI_KOS_EMP_TEMP_SEX_ECO_DT(1.0),YI,KOS,A,700,EMP_TEMP_DT,SEX_T,ECO_SECTOR_NAG,2014,97.36,,,,,,,,,,,,,,,,,DT,PT,0,,1,BA,EMP_TEMP_SEX_ECO_DT
ILO:DF_YI_KOS_EMP_TEMP_SEX_ECO_DT(1.0),YI,KOS,A,700,EMP_TEMP_DT,SEX_M,ECO_SECTOR_TOTAL,2015,100,,,,,,,,,,,,,,,,,DT,PT,0,,1,BA,EMP_TEMP_SEX_ECO_DT
ILO:DF_YI_KOS_EMP_TEMP_SEX_ECO_DT(1.0),YI,KOS,A,700,EMP_TEMP_DT,SEX_M,ECO_SECTOR_TOTAL,2014,100,,,,,,,,,,,,,,,,,DT,PT,0,,1,BA,EMP_TEMP_SEX_ECO_DT
ILO:DF_YI_KOS_EMP_TEMP_SEX_ECO_DT(1.0),YI,KOS,A,700,EMP_TEMP_DT,SEX_M,ECO_SECTOR_TOTAL,2016,100,,,,,,,,,,,,,,,,,DT,PT,0,,1,BA,EMP_TEMP_SEX_ECO_DT
ILO:DF_YI_KOS_EMP_TEMP_SEX_ECO_DT(1.0),YI,KOS,A,700,EMP_TEMP_DT,SEX_M,ECO_SECTOR_TOTAL,2012,100,,,,,,,3513,,,,,,,,,,DT,PT,0,,1,BA,EMP_TEMP_SEX_ECO_DT
ILO:DF_YI_KOS_EMP_TEMP_SEX_ECO_DT(1.0),YI,KOS,A,700,EMP_TEMP_DT,SEX_F,ECO_SECTOR_SER,2015,90.56,,,,,,,,,,,,,,,,,DT,PT,0,,1,BA,EMP_TEMP_SEX_ECO_DT
ILO:DF_YI_KOS_EMP_TEMP_SEX_ECO_DT(1.0),YI,KOS,A,700,EMP_TEMP_DT,SEX_F,ECO_SECTOR_SER,2016,90.31,,,,,,,,,,,,,,,,,DT,PT,0,,1,BA,EMP_TEMP_SEX_ECO_DT
ILO:DF_YI_KOS_EMP_TEMP_SEX_ECO_DT(1.0),YI,KOS,A,700,EMP_TEMP_DT,SEX_F,ECO_SECTOR_SER,2012,84.26,,,,,,,3513,,,,,,,,,,DT,PT,0,,1,BA,EMP_TEMP_SEX_ECO_DT
ILO:DF_YI_KOS_EMP_TEMP_SEX_ECO_DT(1.0),YI,KOS,A,700,EMP_TEMP_DT,SEX_F,ECO_SECTOR_SER,2014,89.19,,,,,,,,,,,,,,,,,DT,PT,0,,1,BA,EMP_TEMP_SEX_ECO_DT
ILO:DF_YI_KOS_EMP_TEMP_SEX_ECO_DT(1.0),YI,KOS,A,700,EMP_TEMP_DT,SEX_F,ECO_AGGREGATE_MKT,2015,30.46,,,,,,,,,,,,,,,,,DT,PT,0,,1,BA,EMP_TEMP_SEX_ECO_DT
ILO:DF_YI_KOS_EMP_TEMP_SEX_ECO_DT(1.0),YI,KOS,A,700,EMP_TEMP_DT,SEX_F,ECO_AGGREGATE_MKT,2016,31.90,,,,,,,,,,,,,,,,,DT,PT,0,,1,BA,EMP_TEMP_SEX_ECO_DT
ILO:DF_YI_KOS_EMP_TEMP_SEX_ECO_DT(1.0),YI,KOS,A,700,EMP_TEMP_DT,SEX_F,ECO_AGGREGATE_MKT,2012,29.80,,,,,,,3513,,,,,,,,,,DT,PT,0,,1,BA,EMP_TEMP_SEX_ECO_DT
ILO:DF_YI_KOS_EMP_TEMP_SEX_ECO_DT(1.0),YI,KOS,A,700,EMP_TEMP_DT,SEX_F,ECO_AGGREGATE_MKT,2014,29.61,,,,,,,,,,,,,,,,,DT,PT,0,,1,BA,EMP_TEMP_SEX_ECO_DT
ILO:DF_YI_KOS_EMP_TEMP_SEX_ECO_DT(1.0),YI,KOS,A,700,EMP_TEMP_DT,SEX_T,ECO_ISIC4_M,2015,1.83,,,,,,,,,,,,,,,,,DT,PT,0,,1,BA,EMP_TEMP_SEX_ECO_DT
ILO:DF_YI_KOS_EMP_TEMP_SEX_ECO_DT(1.0),YI,KOS,A,700,EMP_TEMP_DT,SEX_T,ECO_ISIC4_M,2014,2.01,,,,,,,,,,,,,,,,,DT,PT,0,,1,BA,EMP_TEMP_SEX_ECO_DT
ILO:DF_YI_KOS_EMP_TEMP_SEX_ECO_DT(1.0),YI,KOS,A,700,EMP_TEMP_DT,SEX_T,ECO_ISIC4_M,2016,1.98,,,,,,,,,,,,,,,,,DT,PT,0,,1,BA,EMP_TEMP_SEX_ECO_DT
ILO:DF_YI_KOS_EMP_TEMP_SEX_ECO_DT(1.0),YI,KOS,A,700,EMP_TEMP_DT,SEX_T,ECO_ISIC4_M,2012,1.83,,,,,,,3513,,,,,,,,,,DT,PT,0,,1,BA,EMP_TEMP_SEX_ECO_DT
ILO:DF_YI_KOS_EMP_TEMP_SEX_ECO_DT(1.0),YI,KOS,A,700,EMP_TEMP_DT,SEX_M,ECO_ISIC4_B,2015,1.08,,,,,,,,,,,,,,,,,DT,PT,0,,1,BA,EMP_TEMP_SEX_ECO_DT
ILO:DF_YI_KOS_EMP_TEMP_SEX_ECO_DT(1.0),YI,KOS,A,700,EMP_TEMP_DT,SEX_M,ECO_ISIC4_B,2016,1.38,,,,,,,,,,,,,,,,,DT,PT,0,,1,BA,EMP_TEMP_SEX_ECO_DT
ILO:DF_YI_KOS_EMP_TEMP_SEX_ECO_DT(1.0),YI,KOS,A,700,EMP_TEMP_DT,SEX_M,ECO_ISIC4_B,2014,1.37,,,,,,,,,,,,,,,,,DT,PT,0,,1,BA,EMP_TEMP_SEX_ECO_DT
ILO:DF_YI_KOS_EMP_TEMP_SEX_ECO_DT(1.0),YI,KOS,A,700,EMP_TEMP_DT,SEX_M,ECO_ISIC4_B,2012,1.38,,,,,,,3513,,,,,,,,,,DT,PT,0,,1,BA,EMP_TEMP_SEX_ECO_DT
ILO:DF_YI_KOS_EMP_TEMP_SEX_ECO_DT(1.0),YI,KOS,A,700,EMP_TEMP_DT,SEX_F,ECO_ISIC4_A,2015,1.06,,,,,,,,,,,,,,,,,DT,PT,0,,1,BA,EMP_TEMP_SEX_ECO_DT
ILO:DF_YI_KOS_EMP_TEMP_SEX_ECO_DT(1.0),YI,KOS,A,700,EMP_TEMP_DT,SEX_F,ECO_ISIC4_A,2014,1.46,,,,,,,,,,,,,,,,,DT,PT,0,,1,BA,EMP_TEMP_SEX_ECO_DT
ILO:DF_YI_KOS_EMP_TEMP_SEX_ECO_DT(1.0),YI,KOS,A,700,EMP_TEMP_DT,SEX_F,ECO_ISIC4_A,2016,2.26,,,,,,,,,,,,,,,,,DT,PT,0,,1,BA,EMP_TEMP_SEX_ECO_DT
ILO:DF_YI_KOS_EMP_TEMP_SEX_ECO_DT(1.0),YI,KOS,A,700,EMP_TEMP_DT,SEX_F,ECO_ISIC4_A,2012,5.10,,,,,,,3513,,,,,,,,,,DT,PT,0,,1,BA,EMP_TEMP_SEX_ECO_DT
ILO:DF_YI_KOS_EMP_TEMP_SEX_ECO_DT(1.0),YI,KOS,A,700,EMP_TEMP_DT,SEX_T,ECO_ISIC4_H,2015,2.82,,,,,,,,,,,,,,,,,DT,PT,0,,1,BA,EMP_TEMP_SEX_ECO_DT
ILO:DF_YI_KOS_EMP_TEMP_SEX_ECO_DT(1.0),YI,KOS,A,700,EMP_TEMP_DT,SEX_T,ECO_ISIC4_H,2012,3.46,,,,,,,3513,,,,,,,,,,DT,PT,0,,1,BA,EMP_TEMP_SEX_ECO_DT
ILO:DF_YI_KOS_EMP_TEMP_SEX_ECO_DT(1.0),YI,KOS,A,700,EMP_TEMP_DT,SEX_T,ECO_ISIC4_H,2016,3.17,,,,,,,,,,,,,,,,,DT,PT,0,,1,BA,EMP_TEMP_SEX_ECO_DT
ILO:DF_YI_KOS_EMP_TEMP_SEX_ECO_DT(1.0),YI,KOS,A,700,EMP_TEMP_DT,SEX_T,ECO_ISIC4_H,2014,3.39,,,,,,,,,,,,,,,,,DT,PT,0,,1,BA,EMP_TEMP_SEX_ECO_DT
ILO:DF_YI_KOS_EMP_TEMP_SEX_ECO_DT(1.0),YI,KOS,A,700,EMP_TEMP_DT,SEX_M,ECO_ISIC4_TOTAL,2016,100,,,,,,,,,,,,,,,,,DT,PT,0,,1,BA,EMP_TEMP_SEX_ECO_DT
ILO:DF_YI_KOS_EMP_TEMP_SEX_ECO_DT(1.0),YI,KOS,A,700,EMP_TEMP_DT,SEX_M,ECO_ISIC4_TOTAL,2014,100,,,,,,,,,,,,,,,,,DT,PT,0,,1,BA,EMP_TEMP_SEX_ECO_DT
ILO:DF_YI_KOS_EMP_TEMP_SEX_ECO_DT(1.0),YI,KOS,A,700,EMP_TEMP_DT,SEX_M,ECO_ISIC4_TOTAL,2012,100,,,,,,,3513,,,,,,,,,,DT,PT,0,,1,BA,EMP_TEMP_SEX_ECO_DT
ILO:DF_YI_KOS_EMP_TEMP_SEX_ECO_DT(1.0),YI,KOS,A,700,EMP_TEMP_DT,SEX_M,ECO_ISIC4_TOTAL,2015,100,,,,,,,,,,,,,,,,,DT,PT,0,,1,BA,EMP_TEMP_SEX_ECO_DT
ILO:DF_YI_KOS_EMP_TEMP_SEX_ECO_DT(1.0),YI,KOS,A,700,EMP_TEMP_DT,SEX_M,ECO_AGGREGATE_AGR,2016,4.82,,,,,,,,,,,,,,,,,DT,PT,0,,1,BA,EMP_TEMP_SEX_ECO_DT
ILO:DF_YI_KOS_EMP_TEMP_SEX_ECO_DT(1.0),YI,KOS,A,700,EMP_TEMP_DT,SEX_M,ECO_AGGREGATE_AGR,2014,2.99,,,,,,,,,,,,,,,,,DT,PT,0,,1,BA,EMP_TEMP_SEX_ECO_DT
ILO:DF_YI_KOS_EMP_TEMP_SEX_ECO_DT(1.0),YI,KOS,A,700,EMP_TEMP_DT,SEX_M,ECO_AGGREGATE_AGR,2012,4.24,,,,,,,3513,,,,,,,,,,DT,PT,0,,1,BA,EMP_TEMP_SEX_ECO_DT
ILO:DF_YI_KOS_EMP_TEMP_SEX_ECO_DT(1.0),YI,KOS,A,700,EMP_TEMP_DT,SEX_M,ECO_AGGREGATE_AGR,2015,2.60,,,,,,,,,,,,,,,,,DT,PT,0,,1,BA,EMP_TEMP_SEX_ECO_DT
ILO:DF_YI_KOS_EMP_TEMP_SEX_ECO_DT(1.0),YI,KOS,A,700,EMP_TEMP_DT,SEX_F,ECO_SECTOR_IND,2016,7.43,,,,,,,,,,,,,,,,,DT,PT,0,,1,BA,EMP_TEMP_SEX_ECO_DT
ILO:DF_YI_KOS_EMP_TEMP_SEX_ECO_DT(1.0),YI,KOS,A,700,EMP_TEMP_DT,SEX_F,ECO_SECTOR_IND,2014,9.35,,,,,,,,,,,,,,,,,DT,PT,0,,1,BA,EMP_TEMP_SEX_ECO_DT
ILO:DF_YI_KOS_EMP_TEMP_SEX_ECO_DT(1.0),YI,KOS,A,700,EMP_TEMP_DT,SEX_F,ECO_SECTOR_IND,2015,8.38,,,,,,,,,,,,,,,,,DT,PT,0,,1,BA,EMP_TEMP_SEX_ECO_DT
ILO:DF_YI_KOS_EMP_TEMP_SEX_ECO_DT(1.0),YI,KOS,A,700,EMP_TEMP_DT,SEX_F,ECO_SECTOR_IND,2012,10.01,,,,,,,3513,,,,,,,,,,DT,PT,0,,1,BA,EMP_TEMP_SEX_ECO_DT
ILO:DF_YI_KOS_EMP_TEMP_SEX_ECO_DT(1.0),YI,KOS,A,700,EMP_TEMP_DT,SEX_F,ECO_SECTOR_NAG,2016,97.74,,,,,,,,,,,,,,,,,DT,PT,0,,1,BA,EMP_TEMP_SEX_ECO_DT
ILO:DF_YI_KOS_EMP_TEMP_SEX_ECO_DT(1.0),YI,KOS,A,700,EMP_TEMP_DT,SEX_F,ECO_SECTOR_NAG,2015,98.94,,,,,,,,,,,,,,,,,DT,PT,0,,1,BA,EMP_TEMP_SEX_ECO_DT
ILO:DF_YI_KOS_EMP_TEMP_SEX_ECO_DT(1.0),YI,KOS,A,700,EMP_TEMP_DT,SEX_F,ECO_SECTOR_NAG,2012,94.90,,,,,,,3513,,,,,,,,,,DT,PT,0,,1,BA,EMP_TEMP_SEX_ECO_DT
ILO:DF_YI_KOS_EMP_TEMP_SEX_ECO_DT(1.0),YI,KOS,A,700,EMP_TEMP_DT,SEX_F,ECO_SECTOR_NAG,2014,98.54,,,,,,,,,,,,,,,,,DT,PT,0,,1,BA,EMP_TEMP_SEX_ECO_DT
ILO:DF_YI_KOS_EMP_TEMP_SEX_ECO_DT(1.0),YI,KOS,A,700,EMP_TEMP_DT,SEX_M,ECO_ISIC4_L,2012,0.25,,,,,,,3513,,,,,,,,,U,DT,PT,0,,1,BA,EMP_TEMP_SEX_ECO_DT
ILO:DF_YI_KOS_EMP_TEMP_SEX_ECO_DT(1.0),YI,KOS,A,700,EMP_TEMP_DT,SEX_M,ECO_ISIC4_L,2014,0.01,,,,,,,,,,,,,,,,,DT,PT,0,,1,BA,EMP_TEMP_SEX_ECO_DT
ILO:DF_YI_KOS_EMP_TEMP_SEX_ECO_DT(1.0),YI,KOS,A,700,EMP_TEMP_DT,SEX_M,ECO_ISIC4_L,2015,0.08,,,,,,,,,,,,,,,,,DT,PT,0,,1,BA,EMP_TEMP_SEX_ECO_DT
ILO:DF_YI_KOS_EMP_TEMP_SEX_ECO_DT(1.0),YI,KOS,A,700,EMP_TEMP_DT,SEX_M,ECO_ISIC4_L,2016,0.11,,,,,,,,,,,,,,,,,DT,PT,0,,1,BA,EMP_TEMP_SEX_ECO_DT
ILO:DF_YI_KOS_EMP_TEMP_SEX_ECO_DT(1.0),YI,KOS,A,700,EMP_TEMP_DT,SEX_M,ECO_ISIC4_X,2012,0.41,,,,,,,3513,,,,,,,,,,DT,PT,0,,1,BA,EMP_TEMP_SEX_ECO_DT
ILO:DF_YI_KOS_EMP_TEMP_SEX_ECO_DT(1.0),YI,KOS,A,700,EMP_TEMP_DT,SEX_T,ECO_AGGREGATE_MKT,2012,32.66,,,,,,,3513,,,,,,,,,,DT,PT,0,,1,BA,EMP_TEMP_SEX_ECO_DT
ILO:DF_YI_KOS_EMP_TEMP_SEX_ECO_DT(1.0),YI,KOS,A,700,EMP_TEMP_DT,SEX_T,ECO_AGGREGATE_MKT,2014,33.99,,,,,,,,,,,,,,,,,DT,PT,0,,1,BA,EMP_TEMP_SEX_ECO_DT
ILO:DF_YI_KOS_EMP_TEMP_SEX_ECO_DT(1.0),YI,KOS,A,700,EMP_TEMP_DT,SEX_T,ECO_AGGREGATE_MKT,2015,34.48,,,,,,,,,,,,,,,,,DT,PT,0,,1,BA,EMP_TEMP_SEX_ECO_DT
ILO:DF_YI_KOS_EMP_TEMP_SEX_ECO_DT(1.0),YI,KOS,A,700,EMP_TEMP_DT,SEX_T,ECO_AGGREGATE_MKT,2016,33.85,,,,,,,,,,,,,,,,,DT,PT,0,,1,BA,EMP_TEMP_SEX_ECO_DT
ILO:DF_YI_KOS_EMP_TEMP_SEX_ECO_DT(1.0),YI,KOS,A,700,EMP_TEMP_DT,SEX_F,ECO_AGGREGATE_MAN,2012,7.92,,,,,,,3513,,,,,,,,,,DT,PT,0,,1,BA,EMP_TEMP_SEX_ECO_DT
ILO:DF_YI_KOS_EMP_TEMP_SEX_ECO_DT(1.0),YI,KOS,A,700,EMP_TEMP_DT,SEX_F,ECO_AGGREGATE_MAN,2015,6.67,,,,,,,,,,,,,,,,,DT,PT,0,,1,BA,EMP_TEMP_SEX_ECO_DT
ILO:DF_YI_KOS_EMP_TEMP_SEX_ECO_DT(1.0),YI,KOS,A,700,EMP_TEMP_DT,SEX_F,ECO_AGGREGATE_MAN,2014,7.16,,,,,,,,,,,,,,,,,DT,PT,0,,1,BA,EMP_TEMP_SEX_ECO_DT
ILO:DF_YI_KOS_EMP_TEMP_SEX_ECO_DT(1.0),YI,KOS,A,700,EMP_TEMP_DT,SEX_F,ECO_AGGREGATE_MAN,2016,5.81,,,,,,,,,,,,,,,,,DT,PT,0,,1,BA,EMP_TEMP_SEX_ECO_DT
ILO:DF_YI_KOS_EMP_TEMP_SEX_ECO_DT(1.0),YI,KOS,A,700,EMP_TEMP_DT,SEX_F,ECO_AGGREGATE_TOTAL,2014,100,,,,,,,,,,,,,,,,,DT,PT,0,,1,BA,EMP_TEMP_SEX_ECO_DT
ILO:DF_YI_KOS_EMP_TEMP_SEX_ECO_DT(1.0),YI,KOS,A,700,EMP_TEMP_DT,SEX_F,ECO_AGGREGATE_TOTAL,2015,100,,,,,,,,,,,,,,,,,DT,PT,0,,1,BA,EMP_TEMP_SEX_ECO_DT
ILO:DF_YI_KOS_EMP_TEMP_SEX_ECO_DT(1.0),YI,KOS,A,700,EMP_TEMP_DT,SEX_F,ECO_AGGREGATE_TOTAL,2016,100,,,,,,,,,,,,,,,,,DT,PT,0,,1,BA,EMP_TEMP_SEX_ECO_DT
ILO:DF_YI_KOS_EMP_TEMP_SEX_ECO_DT(1.0),YI,KOS,A,700,EMP_TEMP_DT,SEX_F,ECO_AGGREGATE_TOTAL,2012,100,,,,,,,3513,,,,,,,,,,DT,PT,0,,1,BA,EMP_TEMP_SEX_ECO_DT
ILO:DF_YI_KOS_EMP_TEMP_SEX_ECO_DT(1.0),YI,KOS,A,700,EMP_TEMP_DT,SEX_F,ECO_ISIC4_F,2014,1.20,,,,,,,,,,,,,,,,,DT,PT,0,,1,BA,EMP_TEMP_SEX_ECO_DT
ILO:DF_YI_KOS_EMP_TEMP_SEX_ECO_DT(1.0),YI,KOS,A,700,EMP_TEMP_DT,SEX_F,ECO_ISIC4_F,2016,0.52,,,,,,,,,,,,,,,,,DT,PT,0,,1,BA,EMP_TEMP_SEX_ECO_DT
ILO:DF_YI_KOS_EMP_TEMP_SEX_ECO_DT(1.0),YI,KOS,A,700,EMP_TEMP_DT,SEX_F,ECO_ISIC4_F,2012,0.45,,,,,,,3513,,,,,,,,,,DT,PT,0,,1,BA,EMP_TEMP_SEX_ECO_DT
ILO:DF_YI_KOS_EMP_TEMP_SEX_ECO_DT(1.0),YI,KOS,A,700,EMP_TEMP_DT,SEX_F,ECO_ISIC4_F,2015,0.68,,,,,,,,,,,,,,,,,DT,PT,0,,1,BA,EMP_TEMP_SEX_ECO_DT
ILO:DF_YI_KOS_EMP_TEMP_SEX_ECO_DT(1.0),YI,KOS,A,700,EMP_TEMP_DT,SEX_F,ECO_ISIC4_M,2014,2.64,,,,,,,,,,,,,,,,,DT,PT,0,,1,BA,EMP_TEMP_SEX_ECO_DT
ILO:DF_YI_KOS_EMP_TEMP_SEX_ECO_DT(1.0),YI,KOS,A,700,EMP_TEMP_DT,SEX_F,ECO_ISIC4_M,2015,2.28,,,,,,,,,,,,,,,,,DT,PT,0,,1,BA,EMP_TEMP_SEX_ECO_DT
ILO:DF_YI_KOS_EMP_TEMP_SEX_ECO_DT(1.0),YI,KOS,A,700,EMP_TEMP_DT,SEX_F,ECO_ISIC4_M,2016,2.23,,,,,,,,,,,,,,,,,DT,PT,0,,1,BA,EMP_TEMP_SEX_ECO_DT
ILO:DF_YI_KOS_EMP_TEMP_SEX_ECO_DT(1.0),YI,KOS,A,700,EMP_TEMP_DT,SEX_F,ECO_ISIC4_M,2012,1.82,,,,,,,3513,,,,,,,,,,DT,PT,0,,1,BA,EMP_TEMP_SEX_ECO_DT
ILO:DF_YI_KOS_EMP_TEMP_SEX_ECO_DT(1.0),YI,KOS,A,700,EMP_TEMP_DT,SEX_F,ECO_ISIC4_T,2014,7.02,,,,,,,,,,,,,,,,,DT,PT,0,,1,BA,EMP_TEMP_SEX_ECO_DT
ILO:DF_YI_KOS_EMP_TEMP_SEX_ECO_DT(1.0),YI,KOS,A,700,EMP_TEMP_DT,SEX_F,ECO_ISIC4_T,2016,8.81,,,,,,,,,,,,,,,,,DT,PT,0,,1,BA,EMP_TEMP_SEX_ECO_DT
ILO:DF_YI_KOS_EMP_TEMP_SEX_ECO_DT(1.0),YI,KOS,A,700,EMP_TEMP_DT,SEX_F,ECO_ISIC4_T,2012,0.75,,,,,,,3513,,,,,,,,,,DT,PT,0,,1,BA,EMP_TEMP_SEX_ECO_DT
ILO:DF_YI_KOS_EMP_TEMP_SEX_ECO_DT(1.0),YI,KOS,A,700,EMP_TEMP_DT,SEX_F,ECO_ISIC4_T,2015,7.65,,,,,,,,,,,,,,,,,DT,PT,0,,1,BA,EMP_TEMP_SEX_ECO_DT
ILO:DF_YI_KOS_EMP_TEMP_SEX_ECO_DT(1.0),YI,KOS,A,700,EMP_TEMP_DT,SEX_F,ECO_ISIC4_U,2014,2.02,,,,,,,,,,,,,,,,,DT,PT,0,,1,BA,EMP_TEMP_SEX_ECO_DT
ILO:DF_YI_KOS_EMP_TEMP_SEX_ECO_DT(1.0),YI,KOS,A,700,EMP_TEMP_DT,SEX_F,ECO_ISIC4_U,2015,1.66,,,,,,,,,,,,,,,,,DT,PT,0,,1,BA,EMP_TEMP_SEX_ECO_DT
ILO:DF_YI_KOS_EMP_TEMP_SEX_ECO_DT(1.0),YI,KOS,A,700,EMP_TEMP_DT,SEX_F,ECO_ISIC4_U,2016,1.28,,,,,,,,,,,,,,,,,DT,PT,0,,1,BA,EMP_TEMP_SEX_ECO_DT
ILO:DF_YI_KOS_EMP_TEMP_SEX_ECO_DT(1.0),YI,KOS,A,700,EMP_TEMP_DT,SEX_F,ECO_ISIC4_U,2012,1.79,,,,,,,3513,,,,,,,,,,DT,PT,0,,1,BA,EMP_TEMP_SEX_ECO_DT
ILO:DF_YI_KOS_EMP_TEMP_SEX_ECO_DT(1.0),YI,KOS,A,700,EMP_TEMP_DT,SEX_T,ECO_ISIC4_P,2014,11.91,,,,,,,,,,,,,,,,,DT,PT,0,,1,BA,EMP_TEMP_SEX_ECO_DT
ILO:DF_YI_KOS_EMP_TEMP_SEX_ECO_DT(1.0),YI,KOS,A,700,EMP_TEMP_DT,SEX_T,ECO_ISIC4_P,2012,12.04,,,,,,,3513,,,,,,,,,,DT,PT,0,,1,BA,EMP_TEMP_SEX_ECO_DT
ILO:DF_YI_KOS_EMP_TEMP_SEX_ECO_DT(1.0),YI,KOS,A,700,EMP_TEMP_DT,SEX_T,ECO_ISIC4_P,2016,10.59,,,,,,,,,,,,,,,,,DT,PT,0,,1,BA,EMP_TEMP_SEX_ECO_DT
ILO:DF_YI_KOS_EMP_TEMP_SEX_ECO_DT(1.0),YI,KOS,A,700,EMP_TEMP_DT,SEX_T,ECO_ISIC4_P,2015,12.19,,,,,,,,,,,,,,,,,DT,PT,0,,1,BA,EMP_TEMP_SEX_ECO_DT
ILO:DF_YI_KOS_EMP_TEMP_SEX_ECO_DT(1.0),YI,KOS,A,700,EMP_TEMP_DT,SEX_T,ECO_ISIC4_R,2015,1.46,,,,,,,,,,,,,,,,,DT,PT,0,,1,BA,EMP_TEMP_SEX_ECO_DT
ILO:DF_YI_KOS_EMP_TEMP_SEX_ECO_DT(1.0),YI,KOS,A,700,EMP_TEMP_DT,SEX_T,ECO_ISIC4_R,2014,1.46,,,,,,,,,,,,,,,,,DT,PT,0,,1,BA,EMP_TEMP_SEX_ECO_DT
ILO:DF_YI_KOS_EMP_TEMP_SEX_ECO_DT(1.0),YI,KOS,A,700,EMP_TEMP_DT,SEX_T,ECO_ISIC4_R,2012,2.19,,,,,,,3513,,,,,,,,,,DT,PT,0,,1,BA,EMP_TEMP_SEX_ECO_DT
ILO:DF_YI_KOS_EMP_TEMP_SEX_ECO_DT(1.0),YI,KOS,A,700,EMP_TEMP_DT,SEX_T,ECO_ISIC4_R,2016,1.67,,,,,,,,,,,,,,,,,DT,PT,0,,1,BA,EMP_TEMP_SEX_ECO_DT
ILO:DF_YI_KOS_EMP_TEMP_SEX_ECO_DT(1.0),YI,KOS,A,700,EMP_TEMP_DT,SEX_M,ECO_ISIC4_Q,2015,3.51,,,,,,,,,,,,,,,,,DT,PT,0,,1,BA,EMP_TEMP_SEX_ECO_DT
ILO:DF_YI_KOS_EMP_TEMP_SEX_ECO_DT(1.0),YI,KOS,A,700,EMP_TEMP_DT,SEX_M,ECO_ISIC4_Q,2016,3.27,,,,,,,,,,,,,,,,,DT,PT,0,,1,BA,EMP_TEMP_SEX_ECO_DT
ILO:DF_YI_KOS_EMP_TEMP_SEX_ECO_DT(1.0),YI,KOS,A,700,EMP_TEMP_DT,SEX_M,ECO_ISIC4_Q,2014,4.21,,,,,,,,,,,,,,,,,DT,PT,0,,1,BA,EMP_TEMP_SEX_ECO_DT
ILO:DF_YI_KOS_EMP_TEMP_SEX_ECO_DT(1.0),YI,KOS,A,700,EMP_TEMP_DT,SEX_M,ECO_ISIC4_Q,2012,4.91,,,,,,,3513,,,,,,,,,,DT,PT,0,,1,BA,EMP_TEMP_SEX_ECO_DT
ILO:DF_YI_KOS_EMP_TEMP_SEX_ECO_DT(1.0),YI,KOS,A,700,EMP_TEMP_DT,SEX_T,ECO_ISIC4_D,2016,1.65,,,,,,,,,,,,,,,,,DT,PT,0,,1,BA,EMP_TEMP_SEX_ECO_DT
ILO:DF_YI_KOS_EMP_TEMP_SEX_ECO_DT(1.0),YI,KOS,A,700,EMP_TEMP_DT,SEX_T,ECO_ISIC4_D,2015,1.76,,,,,,,,,,,,,,,,,DT,PT,0,,1,BA,EMP_TEMP_SEX_ECO_DT
ILO:DF_YI_KOS_EMP_TEMP_SEX_ECO_DT(1.0),YI,KOS,A,700,EMP_TEMP_DT,SEX_T,ECO_ISIC4_D,2012,2.27,,,,,,,3513,,,,,,,,,,DT,PT,0,,1,BA,EMP_TEMP_SEX_ECO_DT
ILO:DF_YI_KOS_EMP_TEMP_SEX_ECO_DT(1.0),YI,KOS,A,700,EMP_TEMP_DT,SEX_T,ECO_ISIC4_D,2014,1.74,,,,,,,,,,,,,,,,,DT,PT,0,,1,BA,EMP_TEMP_SEX_ECO_DT
ILO:DF_YI_KOS_EMP_TEMP_SEX_ECO_DT(1.0),YI,KOS,A,700,EMP_TEMP_DT,SEX_M,ECO_ISIC4_A,2016,4.82,,,,,,,,,,,,,,,,,DT,PT,0,,1,BA,EMP_TEMP_SEX_ECO_DT
ILO:DF_YI_KOS_EMP_TEMP_SEX_ECO_DT(1.0),YI,KOS,A,700,EMP_TEMP_DT,SEX_M,ECO_ISIC4_A,2014,2.99,,,,,,,,,,,,,,,,,DT,PT,0,,1,BA,EMP_TEMP_SEX_ECO_DT
ILO:DF_YI_KOS_EMP_TEMP_SEX_ECO_DT(1.0),YI,KOS,A,700,EMP_TEMP_DT,SEX_M,ECO_ISIC4_A,2012,4.24,,,,,,,3513,,,,,,,,,,DT,PT,0,,1,BA,EMP_TEMP_SEX_ECO_DT
ILO:DF_YI_KOS_EMP_TEMP_SEX_ECO_DT(1.0),YI,KOS,A,700,EMP_TEMP_DT,SEX_M,ECO_ISIC4_A,2015,2.60,,,,,,,,,,,,,,,,,DT,PT,0,,1,BA,EMP_TEMP_SEX_ECO_DT
ILO:DF_YI_KOS_EMP_TEMP_SEX_ECO_DT(1.0),YI,KOS,A,700,EMP_TEMP_DT,SEX_T,ECO_AGGREGATE_MEL,2012,4.55,,,,,,,3513,,,,,,,,,,DT,PT,0,,1,BA,EMP_TEMP_SEX_ECO_DT
ILO:DF_YI_KOS_EMP_TEMP_SEX_ECO_DT(1.0),YI,KOS,A,700,EMP_TEMP_DT,SEX_T,ECO_AGGREGATE_MEL,2014,3.90,,,,,,,,,,,,,,,,,DT,PT,0,,1,BA,EMP_TEMP_SEX_ECO_DT
ILO:DF_YI_KOS_EMP_TEMP_SEX_ECO_DT(1.0),YI,KOS,A,700,EMP_TEMP_DT,SEX_T,ECO_AGGREGATE_MEL,2015,4.09,,,,,,,,,,,,,,,,,DT,PT,0,,1,BA,EMP_TEMP_SEX_ECO_DT
ILO:DF_YI_KOS_EMP_TEMP_SEX_ECO_DT(1.0),YI,KOS,A,700,EMP_TEMP_DT,SEX_T,ECO_AGGREGATE_MEL,2016,4.74,,,,,,,,,,,,,,,,,DT,PT,0,,1,BA,EMP_TEMP_SEX_ECO_DT
ILO:DF_YI_KOS_EMP_TEMP_SEX_ECO_DT(1.0),YI,KOS,A,700,EMP_TEMP_DT,SEX_M,ECO_AGGREGATE_PUB,2014,27.26,,,,,,,,,,,,,,,,,DT,PT,0,,1,BA,EMP_TEMP_SEX_ECO_DT
ILO:DF_YI_KOS_EMP_TEMP_SEX_ECO_DT(1.0),YI,KOS,A,700,EMP_TEMP_DT,SEX_M,ECO_AGGREGATE_PUB,2015,27.74,,,,,,,,,,,,,,,,,DT,PT,0,,1,BA,EMP_TEMP_SEX_ECO_DT
ILO:DF_YI_KOS_EMP_TEMP_SEX_ECO_DT(1.0),YI,KOS,A,700,EMP_TEMP_DT,SEX_M,ECO_AGGREGATE_PUB,2016,24.87,,,,,,,,,,,,,,,,,DT,PT,0,,1,BA,EMP_TEMP_SEX_ECO_DT
ILO:DF_YI_KOS_EMP_TEMP_SEX_ECO_DT(1.0),YI,KOS,A,700,EMP_TEMP_DT,SEX_M,ECO_AGGREGATE_PUB,2012,28.81,,,,,,,3513,,,,,,,,,,DT,PT,0,,1,BA,EMP_TEMP_SEX_ECO_DT
ILO:DF_YI_KOS_EMP_TEMP_SEX_ECO_DT(1.0),YI,KOS,A,700,EMP_TEMP_DT,SEX_F,ECO_SECTOR_TOTAL,2014,100,,,,,,,,,,,,,,,,,DT,PT,0,,1,BA,EMP_TEMP_SEX_ECO_DT
ILO:DF_YI_KOS_EMP_TEMP_SEX_ECO_DT(1.0),YI,KOS,A,700,EMP_TEMP_DT,SEX_F,ECO_SECTOR_TOTAL,2016,100,,,,,,,,,,,,,,,,,DT,PT,0,,1,BA,EMP_TEMP_SEX_ECO_DT
ILO:DF_YI_KOS_EMP_TEMP_SEX_ECO_DT(1.0),YI,KOS,A,700,EMP_TEMP_DT,SEX_F,ECO_SECTOR_TOTAL,2012,100,,,,,,,3513,,,,,,,,,,DT,PT,0,,1,BA,EMP_TEMP_SEX_ECO_DT
ILO:DF_YI_KOS_EMP_TEMP_SEX_ECO_DT(1.0),YI,KOS,A,700,EMP_TEMP_DT,SEX_F,ECO_SECTOR_TOTAL,2015,100,,,,,,,,,,,,,,,,,DT,PT,0,,1,BA,EMP_TEMP_SEX_ECO_DT
ILO:DF_YI_KOS_EMP_TEMP_SEX_ECO_DT(1.0),YI,KOS,A,700,EMP_TEMP_DT,SEX_M,ECO_ISIC4_J,2014,3,,,,,,,,,,,,,,,,,DT,PT,0,,1,BA,EMP_TEMP_SEX_ECO_DT
ILO:DF_YI_KOS_EMP_TEMP_SEX_ECO_DT(1.0),YI,KOS,A,700,EMP_TEMP_DT,SEX_M,ECO_ISIC4_J,2012,2.18,,,,,,,3513,,,,,,,,,,DT,PT,0,,1,BA,EMP_TEMP_SEX_ECO_DT
ILO:DF_YI_KOS_EMP_TEMP_SEX_ECO_DT(1.0),YI,KOS,A,700,EMP_TEMP_DT,SEX_M,ECO_ISIC4_J,2015,3.14,,,,,,,,,,,,,,,,,DT,PT,0,,1,BA,EMP_TEMP_SEX_ECO_DT
ILO:DF_YI_KOS_EMP_TEMP_SEX_ECO_DT(1.0),YI,KOS,A,700,EMP_TEMP_DT,SEX_M,ECO_ISIC4_J,2016,2.11,,,,,,,,,,,,,,,,,DT,PT,0,,1,BA,EMP_TEMP_SEX_ECO_DT
ILO:DF_YI_KOS_EMP_TEMP_SEX_ECO_DT(1.0),YI,KOS,A,700,EMP_TEMP_DT,SEX_M,ECO_ISIC4_S,2014,3.42,,,,,,,,,,,,,,,,,DT,PT,0,,1,BA,EMP_TEMP_SEX_ECO_DT
ILO:DF_YI_KOS_EMP_TEMP_SEX_ECO_DT(1.0),YI,KOS,A,700,EMP_TEMP_DT,SEX_M,ECO_ISIC4_S,2012,3.26,,,,,,,3513,,,,,,,,,,DT,PT,0,,1,BA,EMP_TEMP_SEX_ECO_DT
ILO:DF_YI_KOS_EMP_TEMP_SEX_ECO_DT(1.0),YI,KOS,A,700,EMP_TEMP_DT,SEX_M,ECO_ISIC4_S,2015,4.04,,,,,,,,,,,,,,,,,DT,PT,0,,1,BA,EMP_TEMP_SEX_ECO_DT
ILO:DF_YI_KOS_EMP_TEMP_SEX_ECO_DT(1.0),YI,KOS,A,700,EMP_TEMP_DT,SEX_M,ECO_ISIC4_S,2016,3.41,,,,,,,,,,,,,,,,,DT,PT,0,,1,BA,EMP_TEMP_SEX_ECO_DT
ILO:DF_YI_KOS_EMP_TEMP_SEX_ECO_DT(1.0),YI,KOS,A,700,EMP_TEMP_DT,SEX_M,ECO_ISIC4_U,2016,0.79,,,,,,,,,,,,,,,,,DT,PT,0,,1,BA,EMP_TEMP_SEX_ECO_DT
ILO:DF_YI_KOS_EMP_TEMP_SEX_ECO_DT(1.0),YI,KOS,A,700,EMP_TEMP_DT,SEX_M,ECO_ISIC4_U,2012,1.97,,,,,,,3513,,,,,,,,,,DT,PT,0,,1,BA,EMP_TEMP_SEX_ECO_DT
ILO:DF_YI_KOS_EMP_TEMP_SEX_ECO_DT(1.0),YI,KOS,A,700,EMP_TEMP_DT,SEX_M,ECO_ISIC4_U,2014,1.38,,,,,,,,,,,,,,,,,DT,PT,0,,1,BA,EMP_TEMP_SEX_ECO_DT
ILO:DF_YI_KOS_EMP_TEMP_SEX_ECO_DT(1.0),YI,KOS,A,700,EMP_TEMP_DT,SEX_M,ECO_ISIC4_U,2015,1.04,,,,,,,,,,,,,,,,,DT,PT,0,,1,BA,EMP_TEMP_SEX_ECO_DT
ILO:DF_YI_KOS_EMP_TEMP_SEX_ECO_DT(1.0),YI,KOS,A,700,EMP_TEMP_DT,SEX_F,ECO_AGGREGATE_PUB,2016,58.41,,,,,,,,,,,,,,,,,DT,PT,0,,1,BA,EMP_TEMP_SEX_ECO_DT
ILO:DF_YI_KOS_EMP_TEMP_SEX_ECO_DT(1.0),YI,KOS,A,700,EMP_TEMP_DT,SEX_F,ECO_AGGREGATE_PUB,2014,59.58,,,,,,,,,,,,,,,,,DT,PT,0,,1,BA,EMP_TEMP_SEX_ECO_DT
ILO:DF_YI_KOS_EMP_TEMP_SEX_ECO_DT(1.0),YI,KOS,A,700,EMP_TEMP_DT,SEX_F,ECO_AGGREGATE_PUB,2015,60.10,,,,,,,,,,,,,,,,,DT,PT,0,,1,BA,EMP_TEMP_SEX_ECO_DT
ILO:DF_YI_KOS_EMP_TEMP_SEX_ECO_DT(1.0),YI,KOS,A,700,EMP_TEMP_DT,SEX_F,ECO_AGGREGATE_PUB,2012,54.46,,,,,,,3513,,,,,,,,,,DT,PT,0,,1,BA,EMP_TEMP_SEX_ECO_DT
ILO:DF_YI_KOS_EMP_TEMP_SEX_ECO_DT(1.0),YI,KOS,A,700,EMP_TEMP_DT,SEX_T,ECO_ISIC4_X,2012,0.46,,,,,,,3513,,,,,,,,,,DT,PT,0,,1,BA,EMP_TEMP_SEX_ECO_DT
ILO:DF_YI_KOS_EMP_TEMP_SEX_ECO_DT(1.0),YI,KOS,A,700,EMP_TEMP_DT,SEX_T,ECO_AGGREGATE_X,2012,0.46,,,,,,,3513,,,,,,,,,,DT,PT,0,,1,BA,EMP_TEMP_SEX_ECO_DT
ILO:DF_YI_KOS_EMP_TEMP_SEX_ECO_DT(1.0),YI,KOS,A,700,EMP_TEMP_DT,SEX_F,ECO_AGGREGATE_X,2012,0.63,,,,,,,3513,,,,,,,,,U,DT,PT,0,,1,BA,EMP_TEMP_SEX_ECO_DT
ILO:DF_YI_KOS_EMP_TEMP_SEX_ECO_DT(1.0),YI,KOS,A,700,EMP_TEMP_DT,SEX_F,ECO_SECTOR_X,2012,0.63,,,,,,,3513,,,,,,,,,U,DT,PT,0,,1,BA,EMP_TEMP_SEX_ECO_DT
ILO:DF_YI_KOS_EMP_TEMP_SEX_ECO_DT(1.0),YI,KOS,A,700,EMP_TEMP_DT,SEX_F,ECO_ISIC4_X,2012,0.63,,,,,,,3513,,,,,,,,,U,DT,PT,0,,1,BA,EMP_TEMP_SEX_ECO_DT
