STAT_UNIT,UNIT_MEASURE,EDU_LEVEL,EDU_CAT,SEX,AGE,GRADE,SECTOR_EDU,EDU_ATTAIN,WEALTH_QUINTILE,LOCATION,EDU_TYPE,EDU_FIELD,SUBJECT,INFRASTR,SE_BKGRD,TEACH_EXPERIENCE,CONTRACT_TYPE,COUNTRY_ORIGIN,REGION_DEST,IMM_STATUS,REF_AREA,TIME_PERIOD,OBS_VALUE,UNIT_MULT,OBS_STATUS,FREQ,DECIMALS
EA,GPI,_Z,_Z,_T,Y_GE25,_T,INST_T,L4T8,_Z,_T,_T,_T,_T,_Z,_Z,_Z,_Z,W00,W00,_Z,AD,2003,1.10909,0,A,A,5
EA,GPI,_Z,_Z,_T,Y_GE25,_T,INST_T,L4T8,_Z,_T,_T,_T,_T,_Z,_Z,_Z,_Z,W00,W00,_Z,AD,2004,0.92778,0,A,A,5
EA,GPI,_Z,_Z,_T,Y_GE25,_T,INST_T,L4T8,_Z,_T,_T,_T,_T,_Z,_Z,_Z,_Z,W00,W00,_Z,AD,2005,0.95516,0,A,A,5
EA,GPI,_Z,_Z,_T,Y_GE25,_T,INST_T,L4T8,_Z,_T,_T,_T,_T,_Z,_Z,_Z,_Z,W00,W00,_Z,AD,2006,1.06633,0,A,A,5
EA,GPI,_Z,_Z,_T,Y_GE25,_T,INST_T,L4T8,_Z,_T,_T,_T,_T,_Z,_Z,_Z,_Z,W00,W00,_Z,AD,2014,1.03200,0,A,A,5
EA,GPI,_Z,_Z,_T,Y_GE25,_T,INST_T,L4T8,_Z,_T,_T,_T,_T,_Z,_Z,_Z,_Z,W00,W00,_Z,AD,2015,1.02831,0,A,A,5
EA,GPI,_Z,_Z,_T,Y_GE25,_T,INST_T,L4T8,_Z,_T,_T,_T,_T,_Z,_Z,_Z,_Z,W00,W00,_Z,AD,2016,1.02496,0,A,A,5
EA,GPI,_Z,_Z,_T,Y_GE25,_T,INST_T,L4T8,_Z,_T,_T,_T,_T,_Z,_Z,_Z,_Z,W00,W00,_Z,AE,2005,1.57198,0,A,A,5
EA,GPI,_Z,_Z,_T,Y_GE25,_T,INST_T,L4T8,_Z,_T,_T,_T,_T,_Z,_Z,_Z,_Z,W00,W00,_Z,AE,2017,0.89341,0,A,A,5
EA,GPI,_Z,_Z,_T,Y_GE25,_T,INST_T,L4T8,_Z,_T,_T,_T,_T,_Z,_Z,_Z,_Z,W00,W00,_Z,AL,2001,0.61378,0,A,A,5
EA,GPI,_Z,_Z,_T,Y_GE25,_T,INST_T,L4T8,_Z,_T,_T,_T,_T,_Z,_Z,_Z,_Z,W00,W00,_Z,AL,2008,0.69301,0,A,A,5
EA,GPI,_Z,_Z,_T,Y_GE25,_T,INST_T,L4T8,_Z,_T,_T,_T,_T,_Z,_Z,_Z,_Z,W00,W00,_Z,AL,2011,0.91822,0,A,A,5
EA,GPI,_Z,_Z,_T,Y_GE25,_T,INST_T,L4T8,_Z,_T,_T,_T,_T,_Z,_Z,_Z,_Z,W00,W00,_Z,AL,2012,0.92096,0,A,A,5
EA,GPI,_Z,_Z,_T,Y_GE25,_T,INST_T,L4T8,_Z,_T,_T,_T,_T,_Z,_Z,_Z,_Z,W00,W00,_Z,AM,2001,1.02385,0,A,A,5
EA,GPI,_Z,_Z,_T,Y_GE25,_T,INST_T,L4T8,_Z,_T,_T,_T,_T,_Z,_Z,_Z,_Z,W00,W00,_Z,AM,2011,1.07759,0,A,A,5
EA,GPI,_Z,_Z,_T,Y_GE25,_T,INST_T,L4T8,_Z,_T,_T,_T,_T,_Z,_Z,_Z,_Z,W00,W00,_Z,AM,2015,1.07704,0,A,A,5
EA,GPI,_Z,_Z,_T,Y_GE25,_T,INST_T,L4T8,_Z,_T,_T,_T,_T,_Z,_Z,_Z,_Z,W00,W00,_Z,AM,2017,1.07898,0,A,A,5
EA,GPI,_Z,_Z,_T,Y_GE25,_T,INST_T,L4T8,_Z,_T,_T,_T,_T,_Z,_Z,_Z,_Z,W00,W00,_Z,AO,2014,0.59854,0,A,A,5
EA,GPI,_Z,_Z,_T,Y_GE25,_T,INST_T,L4T8,_Z,_T,_T,_T,_T,_Z,_Z,_Z,_Z,W00,W00,_Z,AR,2003,1.27427,0,A,A,5
EA,GPI,_Z,_Z,_T,Y_GE25,_T,INST_T,L4T8,_Z,_T,_T,_T,_T,_Z,_Z,_Z,_Z,W00,W00,_Z,AR,2006,1.31478,0,A,A,5
EA,GPI,_Z,_Z,_T,Y_GE25,_T,INST_T,L4T8,_Z,_T,_T,_T,_T,_Z,_Z,_Z,_Z,W00,W00,_Z,AR,2008,1.24987,0,A,A,5
EA,GPI,_Z,_Z,_T,Y_GE25,_T,INST_T,L4T8,_Z,_T,_T,_T,_T,_Z,_Z,_Z,_Z,W00,W00,_Z,AR,2009,1.30686,0,A,A,5
EA,GPI,_Z,_Z,_T,Y_GE25,_T,INST_T,L4T8,_Z,_T,_T,_T,_T,_Z,_Z,_Z,_Z,W00,W00,_Z,AR,2010,1.28253,0,A,A,5
EA,GPI,_Z,_Z,_T,Y_GE25,_T,INST_T,L4T8,_Z,_T,_T,_T,_T,_Z,_Z,_Z,_Z,W00,W00,_Z,AR,2011,1.26563,0,A,A,5
EA,GPI,_Z,_Z,_T,Y_GE25,_T,INST_T,L4T8,_Z,_T,_T,_T,_T,_Z,_Z,_Z,_Z,W00,W00,_Z,AR,2012,1.36872,0,A,A,5
EA,GPI,_Z,_Z,_T,Y_GE25,_T,INST_T,L4T8,_Z,_T,_T,_T,_T,_Z,_Z,_Z,_Z,W00,W00,_Z,AR,2013,1.30935,0,A,A,5
EA,GPI,_Z,_Z,_T,Y_GE25,_T,INST_T,L4T8,_Z,_T,_T,_T,_T,_Z,_Z,_Z,_Z,W00,W00,_Z,AR,2014,1.37076,0,A,A,5
EA,GPI,_Z,_Z,_T,Y_GE25,_T,INST_T,L4T8,_Z,_T,_T,_T,_T,_Z,_Z,_Z,_Z,W00,W00,_Z,AR,2015,1.35535,0,A,A,5
EA,GPI,_Z,_Z,_T,Y_GE25,_T,INST_T,L4T8,_Z,_T,_T,_T,_T,_Z,_Z,_Z,_Z,W00,W00,_Z,AR,2016,1.25589,0,A,A,5
EA,GPI,_Z,_Z,_T,Y_GE25,_T,INST_T,L4T8,_Z,_T,_T,_T,_T,_Z,_Z,_Z,_Z,W00,W00,_Z,AT,2005,0.77196,0,A,A,5
EA,GPI,_Z,_Z,_T,Y_GE25,_T,INST_T,L4T8,_Z,_T,_T,_T,_T,_Z,_Z,_Z,_Z,W00,W00,_Z,AT,2007,0.75227,0,A,A,5
EA,GPI,_Z,_Z,_T,Y_GE25,_T,INST_T,L4T8,_Z,_T,_T,_T,_T,_Z,_Z,_Z,_Z,W00,W00,_Z,AT,2008,0.69740,0,A,A,5
EA,GPI,_Z,_Z,_T,Y_GE25,_T,INST_T,L4T8,_Z,_T,_T,_T,_T,_Z,_Z,_Z,_Z,W00,W00,_Z,AT,2009,0.80180,0,A,A,5
EA,GPI,_Z,_Z,_T,Y_GE25,_T,INST_T,L4T8,_Z,_T,_T,_T,_T,_Z,_Z,_Z,_Z,W00,W00,_Z,AT,2010,0.82666,0,A,A,5
EA,GPI,_Z,_Z,_T,Y_GE25,_T,INST_T,L4T8,_Z,_T,_T,_T,_T,_Z,_Z,_Z,_Z,W00,W00,_Z,AT,2011,0.81493,0,A,A,5
EA,GPI,_Z,_Z,_T,Y_GE25,_T,INST_T,L4T8,_Z,_T,_T,_T,_T,_Z,_Z,_Z,_Z,W00,W00,_Z,AT,2012,0.81475,0,A,A,5
EA,GPI,_Z,_Z,_T,Y_GE25,_T,INST_T,L4T8,_Z,_T,_T,_T,_T,_Z,_Z,_Z,_Z,W00,W00,_Z,AT,2013,0.84259,0,A,A,5
EA,GPI,_Z,_Z,_T,Y_GE25,_T,INST_T,L4T8,_Z,_T,_T,_T,_T,_Z,_Z,_Z,_Z,W00,W00,_Z,AT,2014,0.87545,0,A,A,5
EA,GPI,_Z,_Z,_T,Y_GE25,_T,INST_T,L4T8,_Z,_T,_T,_T,_T,_Z,_Z,_Z,_Z,W00,W00,_Z,AT,2015,0.86946,0,A,A,5
EA,GPI,_Z,_Z,_T,Y_GE25,_T,INST_T,L4T8,_Z,_T,_T,_T,_T,_Z,_Z,_Z,_Z,W00,W00,_Z,AT,2016,0.88164,0,A,A,5
EA,GPI,_Z,_Z,_T,Y_GE25,_T,INST_T,L4T8,_Z,_T,_T,_T,_T,_Z,_Z,_Z,_Z,W00,W00,_Z,AT,2017,0.90733,0,A,A,5
EA,GPI,_Z,_Z,_T,Y_GE25,_T,INST_T,L4T8,_Z,_T,_T,_T,_T,_Z,_Z,_Z,_Z,W00,W00,_Z,AU,2004,1.15173,0,A,A,5
EA,GPI,_Z,_Z,_T,Y_GE25,_T,INST_T,L4T8,_Z,_T,_T,_T,_T,_Z,_Z,_Z,_Z,W00,W00,_Z,AU,2005,1.11700,0,A,A,5
EA,GPI,_Z,_Z,_T,Y_GE25,_T,INST_T,L4T8,_Z,_T,_T,_T,_T,_Z,_Z,_Z,_Z,W00,W00,_Z,AU,2006,1.17264,0,A,A,5
EA,GPI,_Z,_Z,_T,Y_GE25,_T,INST_T,L4T8,_Z,_T,_T,_T,_T,_Z,_Z,_Z,_Z,W00,W00,_Z,AU,2007,1.16575,0,A,A,5
EA,GPI,_Z,_Z,_T,Y_GE25,_T,INST_T,L4T8,_Z,_T,_T,_T,_T,_Z,_Z,_Z,_Z,W00,W00,_Z,AU,2008,1.19514,0,A,A,5
EA,GPI,_Z,_Z,_T,Y_GE25,_T,INST_T,L4T8,_Z,_T,_T,_T,_T,_Z,_Z,_Z,_Z,W00,W00,_Z,AU,2009,1.17644,0,A,A,5
EA,GPI,_Z,_Z,_T,Y_GE25,_T,INST_T,L4T8,_Z,_T,_T,_T,_T,_Z,_Z,_Z,_Z,W00,W00,_Z,AU,2010,1.17369,0,A,A,5
EA,GPI,_Z,_Z,_T,Y_GE25,_T,INST_T,L4T8,_Z,_T,_T,_T,_T,_Z,_Z,_Z,_Z,W00,W00,_Z,AU,2011,1.20127,0,A,A,5
EA,GPI,_Z,_Z,_T,Y_GE25,_T,INST_T,L4T8,_Z,_T,_T,_T,_T,_Z,_Z,_Z,_Z,W00,W00,_Z,AU,2012,1.16999,0,A,A,5
EA,GPI,_Z,_Z,_T,Y_GE25,_T,INST_T,L4T8,_Z,_T,_T,_T,_T,_Z,_Z,_Z,_Z,W00,W00,_Z,AU,2013,1.22163,0,A,A,5
EA,GPI,_Z,_Z,_T,Y_GE25,_T,INST_T,L4T8,_Z,_T,_T,_T,_T,_Z,_Z,_Z,_Z,W00,W00,_Z,AU,2014,1.19164,0,A,A,5
EA,GPI,_Z,_Z,_T,Y_GE25,_T,INST_T,L4T8,_Z,_T,_T,_T,_T,_Z,_Z,_Z,_Z,W00,W00,_Z,AU,2015,1.19422,0,A,A,5
EA,GPI,_Z,_Z,_T,Y_GE25,_T,INST_T,L4T8,_Z,_T,_T,_T,_T,_Z,_Z,_Z,_Z,W00,W00,_Z,AU,2016,1.16956,0,A,A,5
EA,GPI,_Z,_Z,_T,Y_GE25,_T,INST_T,L4T8,_Z,_T,_T,_T,_T,_Z,_Z,_Z,_Z,W00,W00,_Z,AU,2017,1.19594,0,A,A,5
EA,GPI,_Z,_Z,_T,Y_GE25,_T,INST_T,L4T8,_Z,_T,_T,_T,_T,_Z,_Z,_Z,_Z,W00,W00,_Z,AU,2018,1.21952,0,A,A,5
EA,GPI,_Z,_Z,_T,Y_GE25,_T,INST_T,L4T8,_Z,_T,_T,_T,_T,_Z,_Z,_Z,_Z,W00,W00,_Z,AW,2000,0.80697,0,A,A,5
EA,GPI,_Z,_Z,_T,Y_GE25,_T,INST_T,L4T8,_Z,_T,_T,_T,_T,_Z,_Z,_Z,_Z,W00,W00,_Z,AW,2010,0.99708,0,A,A,5
EA,GPI,_Z,_Z,_T,Y_GE25,_T,INST_T,L4T8,_Z,_T,_T,_T,_T,_Z,_Z,_Z,_Z,W00,W00,_Z,AZ,2007,0.65965,0,A,A,5
EA,GPI,_Z,_Z,_T,Y_GE25,_T,INST_T,L4T8,_Z,_T,_T,_T,_T,_Z,_Z,_Z,_Z,W00,W00,_Z,AZ,2008,0.65980,0,A,A,5
EA,GPI,_Z,_Z,_T,Y_GE25,_T,INST_T,L4T8,_Z,_T,_T,_T,_T,_Z,_Z,_Z,_Z,W00,W00,_Z,AZ,2009,0.73882,0,A,A,5
EA,GPI,_Z,_Z,_T,Y_GE25,_T,INST_T,L4T8,_Z,_T,_T,_T,_T,_Z,_Z,_Z,_Z,W00,W00,_Z,AZ,2010,0.75977,0,A,A,5
EA,GPI,_Z,_Z,_T,Y_GE25,_T,INST_T,L4T8,_Z,_T,_T,_T,_T,_Z,_Z,_Z,_Z,W00,W00,_Z,AZ,2011,0.76150,0,A,A,5
EA,GPI,_Z,_Z,_T,Y_GE25,_T,INST_T,L4T8,_Z,_T,_T,_T,_T,_Z,_Z,_Z,_Z,W00,W00,_Z,AZ,2012,0.76138,0,A,A,5
EA,GPI,_Z,_Z,_T,Y_GE25,_T,INST_T,L4T8,_Z,_T,_T,_T,_T,_Z,_Z,_Z,_Z,W00,W00,_Z,AZ,2013,0.76204,0,A,A,5
EA,GPI,_Z,_Z,_T,Y_GE25,_T,INST_T,L4T8,_Z,_T,_T,_T,_T,_Z,_Z,_Z,_Z,W00,W00,_Z,AZ,2014,0.76053,0,A,A,5
EA,GPI,_Z,_Z,_T,Y_GE25,_T,INST_T,L4T8,_Z,_T,_T,_T,_T,_Z,_Z,_Z,_Z,W00,W00,_Z,AZ,2015,0.75686,0,A,A,5
EA,GPI,_Z,_Z,_T,Y_GE25,_T,INST_T,L4T8,_Z,_T,_T,_T,_T,_Z,_Z,_Z,_Z,W00,W00,_Z,AZ,2016,0.75693,0,A,A,5
EA,GPI,_Z,_Z,_T,Y_GE25,_T,INST_T,L4T8,_Z,_T,_T,_T,_T,_Z,_Z,_Z,_Z,W00,W00,_Z,AZ,2017,0.75380,0,A,A,5
EA,GPI,_Z,_Z,_T,Y_GE25,_T,INST_T,L4T8,_Z,_T,_T,_T,_T,_Z,_Z,_Z,_Z,W00,W00,_Z,BA,2010,0.75981,0,A,A,5
EA,GPI,_Z,_Z,_T,Y_GE25,_T,INST_T,L4T8,_Z,_T,_T,_T,_T,_Z,_Z,_Z,_Z,W00,W00,_Z,BA,2011,0.70533,0,A,A,5
EA,GPI,_Z,_Z,_T,Y_GE25,_T,INST_T,L4T8,_Z,_T,_T,_T,_T,_Z,_Z,_Z,_Z,W00,W00,_Z,BA,2014,0.79790,0,A,A,5
EA,GPI,_Z,_Z,_T,Y_GE25,_T,INST_T,L4T8,_Z,_T,_T,_T,_T,_Z,_Z,_Z,_Z,W00,W00,_Z,BA,2015,0.76412,0,A,A,5
EA,GPI,_Z,_Z,_T,Y_GE25,_T,INST_T,L4T8,_Z,_T,_T,_T,_T,_Z,_Z,_Z,_Z,W00,W00,_Z,BA,2016,0.77989,0,A,A,5
EA,GPI,_Z,_Z,_T,Y_GE25,_T,INST_T,L4T8,_Z,_T,_T,_T,_T,_Z,_Z,_Z,_Z,W00,W00,_Z,BA,2018,0.78453,0,A,A,5
EA,GPI,_Z,_Z,_T,Y_GE25,_T,INST_T,L4T8,_Z,_T,_T,_T,_T,_Z,_Z,_Z,_Z,W00,W00,_Z,BB,2000,1.20442,0,A,A,5
EA,GPI,_Z,_Z,_T,Y_GE25,_T,INST_T,L4T8,_Z,_T,_T,_T,_T,_Z,_Z,_Z,_Z,W00,W00,_Z,BD,2001,0.70944,0,A,A,5
EA,GPI,_Z,_Z,_T,Y_GE25,_T,INST_T,L4T8,_Z,_T,_T,_T,_T,_Z,_Z,_Z,_Z,W00,W00,_Z,BD,2011,0.42953,0,A,A,5
EA,GPI,_Z,_Z,_T,Y_GE25,_T,INST_T,L4T8,_Z,_T,_T,_T,_T,_Z,_Z,_Z,_Z,W00,W00,_Z,BD,2012,0.44052,0,A,A,5
EA,GPI,_Z,_Z,_T,Y_GE25,_T,INST_T,L4T8,_Z,_T,_T,_T,_T,_Z,_Z,_Z,_Z,W00,W00,_Z,BD,2013,0.45358,0,A,A,5
EA,GPI,_Z,_Z,_T,Y_GE25,_T,INST_T,L4T8,_Z,_T,_T,_T,_T,_Z,_Z,_Z,_Z,W00,W00,_Z,BD,2014,0.55962,0,A,A,5
EA,GPI,_Z,_Z,_T,Y_GE25,_T,INST_T,L4T8,_Z,_T,_T,_T,_T,_Z,_Z,_Z,_Z,W00,W00,_Z,BD,2015,0.54661,0,A,A,5
EA,GPI,_Z,_Z,_T,Y_GE25,_T,INST_T,L4T8,_Z,_T,_T,_T,_T,_Z,_Z,_Z,_Z,W00,W00,_Z,BD,2016,0.53848,0,A,A,5
EA,GPI,_Z,_Z,_T,Y_GE25,_T,INST_T,L4T8,_Z,_T,_T,_T,_T,_Z,_Z,_Z,_Z,W00,W00,_Z,BD,2017,0.55671,0,A,A,5
EA,GPI,_Z,_Z,_T,Y_GE25,_T,INST_T,L4T8,_Z,_T,_T,_T,_T,_Z,_Z,_Z,_Z,W00,W00,_Z,BD,2018,0.57436,0,A,A,5
EA,GPI,_Z,_Z,_T,Y_GE25,_T,INST_T,L4T8,_Z,_T,_T,_T,_T,_Z,_Z,_Z,_Z,W00,W00,_Z,BE,2006,0.98377,0,A,A,5
EA,GPI,_Z,_Z,_T,Y_GE25,_T,INST_T,L4T8,_Z,_T,_T,_T,_T,_Z,_Z,_Z,_Z,W00,W00,_Z,BE,2008,0.97565,0,A,A,5
EA,GPI,_Z,_Z,_T,Y_GE25,_T,INST_T,L4T8,_Z,_T,_T,_T,_T,_Z,_Z,_Z,_Z,W00,W00,_Z,BE,2009,0.98197,0,A,A,5
EA,GPI,_Z,_Z,_T,Y_GE25,_T,INST_T,L4T8,_Z,_T,_T,_T,_T,_Z,_Z,_Z,_Z,W00,W00,_Z,BE,2010,0.99739,0,A,A,5
EA,GPI,_Z,_Z,_T,Y_GE25,_T,INST_T,L4T8,_Z,_T,_T,_T,_T,_Z,_Z,_Z,_Z,W00,W00,_Z,BE,2011,0.99375,0,A,A,5
EA,GPI,_Z,_Z,_T,Y_GE25,_T,INST_T,L4T8,_Z,_T,_T,_T,_T,_Z,_Z,_Z,_Z,W00,W00,_Z,BE,2012,1.00674,0,A,A,5
EA,GPI,_Z,_Z,_T,Y_GE25,_T,INST_T,L4T8,_Z,_T,_T,_T,_T,_Z,_Z,_Z,_Z,W00,W00,_Z,BE,2013,1.01471,0,A,A,5
EA,GPI,_Z,_Z,_T,Y_GE25,_T,INST_T,L4T8,_Z,_T,_T,_T,_T,_Z,_Z,_Z,_Z,W00,W00,_Z,BE,2014,0.99525,0,A,A,5
EA,GPI,_Z,_Z,_T,Y_GE25,_T,INST_T,L4T8,_Z,_T,_T,_T,_T,_Z,_Z,_Z,_Z,W00,W00,_Z,BE,2015,1.03571,0,A,A,5
EA,GPI,_Z,_Z,_T,Y_GE25,_T,INST_T,L4T8,_Z,_T,_T,_T,_T,_Z,_Z,_Z,_Z,W00,W00,_Z,BE,2016,1.03114,0,A,A,5
EA,GPI,_Z,_Z,_T,Y_GE25,_T,INST_T,L4T8,_Z,_T,_T,_T,_T,_Z,_Z,_Z,_Z,W00,W00,_Z,BE,2017,1.03955,0,A,A,5
EA,GPI,_Z,_Z,_T,Y_GE25,_T,INST_T,L4T8,_Z,_T,_T,_T,_T,_Z,_Z,_Z,_Z,W00,W00,_Z,BF,2006,0.35069,0,A,A,5
EA,GPI,_Z,_Z,_T,Y_GE25,_T,INST_T,L4T8,_Z,_T,_T,_T,_T,_Z,_Z,_Z,_Z,W00,W00,_Z,BF,2007,0.22590,0,A,A,5
EA,GPI,_Z,_Z,_T,Y_GE25,_T,INST_T,L4T8,_Z,_T,_T,_T,_T,_Z,_Z,_Z,_Z,W00,W00,_Z,BF,2014,0,0,A,A,5
EA,GPI,_Z,_Z,_T,Y_GE25,_T,INST_T,L4T8,_Z,_T,_T,_T,_T,_Z,_Z,_Z,_Z,W00,W00,_Z,BG,2017,1.38380,0,A,A,5
EA,GPI,_Z,_Z,_T,Y_GE25,_T,INST_T,L4T8,_Z,_T,_T,_T,_T,_Z,_Z,_Z,_Z,W00,W00,_Z,BH,2010,1.11971,0,A,A,5
EA,GPI,_Z,_Z,_T,Y_GE25,_T,INST_T,L4T8,_Z,_T,_T,_T,_T,_Z,_Z,_Z,_Z,W00,W00,_Z,BH,2016,1.11645,0,A,A,5
EA,GPI,_Z,_Z,_T,Y_GE25,_T,INST_T,L4T8,_Z,_T,_T,_T,_T,_Z,_Z,_Z,_Z,W00,W00,_Z,BH,2017,1.13325,0,A,A,5
EA,GPI,_Z,_Z,_T,Y_GE25,_T,INST_T,L4T8,_Z,_T,_T,_T,_T,_Z,_Z,_Z,_Z,W00,W00,_Z,BH,2018,1.18284,0,A,A,5
EA,GPI,_Z,_Z,_T,Y_GE25,_T,INST_T,L4T8,_Z,_T,_T,_T,_T,_Z,_Z,_Z,_Z,W00,W00,_Z,BI,2014,0.37854,0,A,A,5
EA,GPI,_Z,_Z,_T,Y_GE25,_T,INST_T,L4T8,_Z,_T,_T,_T,_T,_Z,_Z,_Z,_Z,W00,W00,_Z,BJ,2002,0.21368,0,A,A,5
EA,GPI,_Z,_Z,_T,Y_GE25,_T,INST_T,L4T8,_Z,_T,_T,_T,_T,_Z,_Z,_Z,_Z,W00,W00,_Z,BM,2000,1,0,A,A,5
EA,GPI,_Z,_Z,_T,Y_GE25,_T,INST_T,L4T8,_Z,_T,_T,_T,_T,_Z,_Z,_Z,_Z,W00,W00,_Z,BM,2010,1.14886,0,A,A,5
EA,GPI,_Z,_Z,_T,Y_GE25,_T,INST_T,L4T8,_Z,_T,_T,_T,_T,_Z,_Z,_Z,_Z,W00,W00,_Z,BM,2016,1.13019,0,A,A,5
EA,GPI,_Z,_Z,_T,Y_GE25,_T,INST_T,L4T8,_Z,_T,_T,_T,_T,_Z,_Z,_Z,_Z,W00,W00,_Z,BO,2001,0.79375,0,A,A,5
EA,GPI,_Z,_Z,_T,Y_GE25,_T,INST_T,L4T8,_Z,_T,_T,_T,_T,_Z,_Z,_Z,_Z,W00,W00,_Z,BO,2006,0.84247,0,A,A,5
EA,GPI,_Z,_Z,_T,Y_GE25,_T,INST_T,L4T8,_Z,_T,_T,_T,_T,_Z,_Z,_Z,_Z,W00,W00,_Z,BO,2008,0.82819,0,A,A,5
EA,GPI,_Z,_Z,_T,Y_GE25,_T,INST_T,L4T8,_Z,_T,_T,_T,_T,_Z,_Z,_Z,_Z,W00,W00,_Z,BO,2009,0.85305,0,A,A,5
EA,GPI,_Z,_Z,_T,Y_GE25,_T,INST_T,L4T8,_Z,_T,_T,_T,_T,_Z,_Z,_Z,_Z,W00,W00,_Z,BO,2012,0.89884,0,A,A,5
EA,GPI,_Z,_Z,_T,Y_GE25,_T,INST_T,L4T8,_Z,_T,_T,_T,_T,_Z,_Z,_Z,_Z,W00,W00,_Z,BO,2015,0.85071,0,A,A,5
EA,GPI,_Z,_Z,_T,Y_GE25,_T,INST_T,L4T8,_Z,_T,_T,_T,_T,_Z,_Z,_Z,_Z,W00,W00,_Z,BR,2004,1.14478,0,A,A,5
EA,GPI,_Z,_Z,_T,Y_GE25,_T,INST_T,L4T8,_Z,_T,_T,_T,_T,_Z,_Z,_Z,_Z,W00,W00,_Z,BR,2006,1.12566,0,A,A,5
EA,GPI,_Z,_Z,_T,Y_GE25,_T,INST_T,L4T8,_Z,_T,_T,_T,_T,_Z,_Z,_Z,_Z,W00,W00,_Z,BR,2007,1.20331,0,A,A,5
EA,GPI,_Z,_Z,_T,Y_GE25,_T,INST_T,L4T8,_Z,_T,_T,_T,_T,_Z,_Z,_Z,_Z,W00,W00,_Z,BR,2008,1.19203,0,A,A,5
EA,GPI,_Z,_Z,_T,Y_GE25,_T,INST_T,L4T8,_Z,_T,_T,_T,_T,_Z,_Z,_Z,_Z,W00,W00,_Z,BR,2009,1.21657,0,A,A,5
EA,GPI,_Z,_Z,_T,Y_GE25,_T,INST_T,L4T8,_Z,_T,_T,_T,_T,_Z,_Z,_Z,_Z,W00,W00,_Z,BR,2010,1.25498,0,A,A,5
EA,GPI,_Z,_Z,_T,Y_GE25,_T,INST_T,L4T8,_Z,_T,_T,_T,_T,_Z,_Z,_Z,_Z,W00,W00,_Z,BR,2011,1.25156,0,A,A,5
EA,GPI,_Z,_Z,_T,Y_GE25,_T,INST_T,L4T8,_Z,_T,_T,_T,_T,_Z,_Z,_Z,_Z,W00,W00,_Z,BR,2012,1.25957,0,A,A,5
EA,GPI,_Z,_Z,_T,Y_GE25,_T,INST_T,L4T8,_Z,_T,_T,_T,_T,_Z,_Z,_Z,_Z,W00,W00,_Z,BR,2013,1.26010,0,A,A,5
EA,GPI,_Z,_Z,_T,Y_GE25,_T,INST_T,L4T8,_Z,_T,_T,_T,_T,_Z,_Z,_Z,_Z,W00,W00,_Z,BR,2014,1.28739,0,A,A,5
EA,GPI,_Z,_Z,_T,Y_GE25,_T,INST_T,L4T8,_Z,_T,_T,_T,_T,_Z,_Z,_Z,_Z,W00,W00,_Z,BR,2015,1.26978,0,A,A,5
EA,GPI,_Z,_Z,_T,Y_GE25,_T,INST_T,L4T8,_Z,_T,_T,_T,_T,_Z,_Z,_Z,_Z,W00,W00,_Z,BR,2016,1.24761,0,A,A,5
EA,GPI,_Z,_Z,_T,Y_GE25,_T,INST_T,L4T8,_Z,_T,_T,_T,_T,_Z,_Z,_Z,_Z,W00,W00,_Z,BR,2017,1.28165,0,A,A,5
EA,GPI,_Z,_Z,_T,Y_GE25,_T,INST_T,L4T8,_Z,_T,_T,_T,_T,_Z,_Z,_Z,_Z,W00,W00,_Z,BR,2018,1.25742,0,A,A,5
EA,GPI,_Z,_Z,_T,Y_GE25,_T,INST_T,L4T8,_Z,_T,_T,_T,_T,_Z,_Z,_Z,_Z,W00,W00,_Z,BS,2000,1.13279,0,A,A,5
EA,GPI,_Z,_Z,_T,Y_GE25,_T,INST_T,L4T8,_Z,_T,_T,_T,_T,_Z,_Z,_Z,_Z,W00,W00,_Z,BS,2010,1.26396,0,A,A,5
EA,GPI,_Z,_Z,_T,Y_GE25,_T,INST_T,L4T8,_Z,_T,_T,_T,_T,_Z,_Z,_Z,_Z,W00,W00,_Z,BT,2012,0.36455,0,A,A,5
EA,GPI,_Z,_Z,_T,Y_GE25,_T,INST_T,L4T8,_Z,_T,_T,_T,_T,_Z,_Z,_Z,_Z,W00,W00,_Z,BT,2017,0.58512,0,A,A,5
EA,GPI,_Z,_Z,_T,Y_GE25,_T,INST_T,L4T8,_Z,_T,_T,_T,_T,_Z,_Z,_Z,_Z,W00,W00,_Z,BY,2009,1.00335,0,A,A,5
EA,GPI,_Z,_Z,_T,Y_GE25,_T,INST_T,L4T8,_Z,_T,_T,_T,_T,_Z,_Z,_Z,_Z,W00,W00,_Z,BZ,2010,1.05013,0,A,A,5
EA,GPI,_Z,_Z,_T,Y_GE25,_T,INST_T,L4T8,_Z,_T,_T,_T,_T,_Z,_Z,_Z,_Z,W00,W00,_Z,CA,2006,0.93601,0,A,A,5
EA,GPI,_Z,_Z,_T,Y_GE25,_T,INST_T,L4T8,_Z,_T,_T,_T,_T,_Z,_Z,_Z,_Z,W00,W00,_Z,CA,2011,0.96528,0,A,A,5
EA,GPI,_Z,_Z,_T,Y_GE25,_T,INST_T,L4T8,_Z,_T,_T,_T,_T,_Z,_Z,_Z,_Z,W00,W00,_Z,CD,2013,0.30136,0,A,A,5
EA,GPI,_Z,_Z,_T,Y_GE25,_T,INST_T,L4T8,_Z,_T,_T,_T,_T,_Z,_Z,_Z,_Z,W00,W00,_Z,CD,2016,0.36705,0,A,A,5
EA,GPI,_Z,_Z,_T,Y_GE25,_T,INST_T,L4T8,_Z,_T,_T,_T,_T,_Z,_Z,_Z,_Z,W00,W00,_Z,CH,2009,0.57967,0,A,A,5
EA,GPI,_Z,_Z,_T,Y_GE25,_T,INST_T,L4T8,_Z,_T,_T,_T,_T,_Z,_Z,_Z,_Z,W00,W00,_Z,CH,2010,0.65156,0,A,A,5
EA,GPI,_Z,_Z,_T,Y_GE25,_T,INST_T,L4T8,_Z,_T,_T,_T,_T,_Z,_Z,_Z,_Z,W00,W00,_Z,CH,2011,0.66949,0,A,A,5
EA,GPI,_Z,_Z,_T,Y_GE25,_T,INST_T,L4T8,_Z,_T,_T,_T,_T,_Z,_Z,_Z,_Z,W00,W00,_Z,CH,2012,0.67384,0,A,A,5
EA,GPI,_Z,_Z,_T,Y_GE25,_T,INST_T,L4T8,_Z,_T,_T,_T,_T,_Z,_Z,_Z,_Z,W00,W00,_Z,CI,2014,0.48128,0,A,A,5
EA,GPI,_Z,_Z,_T,Y_GE25,_T,INST_T,L4T8,_Z,_T,_T,_T,_T,_Z,_Z,_Z,_Z,W00,W00,_Z,CK,2006,0.85722,0,A,A,5
EA,GPI,_Z,_Z,_T,Y_GE25,_T,INST_T,L4T8,_Z,_T,_T,_T,_T,_Z,_Z,_Z,_Z,W00,W00,_Z,CL,2004,0.91913,0,A,A,5
EA,GPI,_Z,_Z,_T,Y_GE25,_T,INST_T,L4T8,_Z,_T,_T,_T,_T,_Z,_Z,_Z,_Z,W00,W00,_Z,CL,2007,0.84825,0,A,A,5
EA,GPI,_Z,_Z,_T,Y_GE25,_T,INST_T,L4T8,_Z,_T,_T,_T,_T,_Z,_Z,_Z,_Z,W00,W00,_Z,CL,2008,0.93003,0,A,A,5
EA,GPI,_Z,_Z,_T,Y_GE25,_T,INST_T,L4T8,_Z,_T,_T,_T,_T,_Z,_Z,_Z,_Z,W00,W00,_Z,CL,2009,0.92786,0,A,A,5
EA,GPI,_Z,_Z,_T,Y_GE25,_T,INST_T,L4T8,_Z,_T,_T,_T,_T,_Z,_Z,_Z,_Z,W00,W00,_Z,CL,2010,0.98316,0,A,A,5
EA,GPI,_Z,_Z,_T,Y_GE25,_T,INST_T,L4T8,_Z,_T,_T,_T,_T,_Z,_Z,_Z,_Z,W00,W00,_Z,CL,2011,0.94389,0,A,A,5
EA,GPI,_Z,_Z,_T,Y_GE25,_T,INST_T,L4T8,_Z,_T,_T,_T,_T,_Z,_Z,_Z,_Z,W00,W00,_Z,CL,2013,0.95461,0,A,A,5
EA,GPI,_Z,_Z,_T,Y_GE25,_T,INST_T,L4T8,_Z,_T,_T,_T,_T,_Z,_Z,_Z,_Z,W00,W00,_Z,CL,2015,0.94870,0,A,A,5
EA,GPI,_Z,_Z,_T,Y_GE25,_T,INST_T,L4T8,_Z,_T,_T,_T,_T,_Z,_Z,_Z,_Z,W00,W00,_Z,CL,2017,0.98838,0,A,A,5
EA,GPI,_Z,_Z,_T,Y_GE25,_T,INST_T,L4T8,_Z,_T,_T,_T,_T,_Z,_Z,_Z,_Z,W00,W00,_Z,CM,2010,0.47524,0,A,A,5
EA,GPI,_Z,_Z,_T,Y_GE25,_T,INST_T,L4T8,_Z,_T,_T,_T,_T,_Z,_Z,_Z,_Z,W00,W00,_Z,CN,2000,0.57041,0,A,A,5
EA,GPI,_Z,_Z,_T,Y_GE25,_T,INST_T,L4T8,_Z,_T,_T,_T,_T,_Z,_Z,_Z,_Z,W00,W00,_Z,CO,2004,0.89816,0,A,A,5
EA,GPI,_Z,_Z,_T,Y_GE25,_T,INST_T,L4T8,_Z,_T,_T,_T,_T,_Z,_Z,_Z,_Z,W00,W00,_Z,CO,2005,0.91540,0,A,A,5
EA,GPI,_Z,_Z,_T,Y_GE25,_T,INST_T,L4T8,_Z,_T,_T,_T,_T,_Z,_Z,_Z,_Z,W00,W00,_Z,CO,2006,0.91532,0,A,A,5
EA,GPI,_Z,_Z,_T,Y_GE25,_T,INST_T,L4T8,_Z,_T,_T,_T,_T,_Z,_Z,_Z,_Z,W00,W00,_Z,CO,2007,1.02026,0,A,A,5
EA,GPI,_Z,_Z,_T,Y_GE25,_T,INST_T,L4T8,_Z,_T,_T,_T,_T,_Z,_Z,_Z,_Z,W00,W00,_Z,CO,2008,1.02153,0,A,A,5
EA,GPI,_Z,_Z,_T,Y_GE25,_T,INST_T,L4T8,_Z,_T,_T,_T,_T,_Z,_Z,_Z,_Z,W00,W00,_Z,CO,2009,1.06212,0,A,A,5
EA,GPI,_Z,_Z,_T,Y_GE25,_T,INST_T,L4T8,_Z,_T,_T,_T,_T,_Z,_Z,_Z,_Z,W00,W00,_Z,CO,2010,1.06579,0,A,A,5
EA,GPI,_Z,_Z,_T,Y_GE25,_T,INST_T,L4T8,_Z,_T,_T,_T,_T,_Z,_Z,_Z,_Z,W00,W00,_Z,CO,2011,1.08889,0,A,A,5
EA,GPI,_Z,_Z,_T,Y_GE25,_T,INST_T,L4T8,_Z,_T,_T,_T,_T,_Z,_Z,_Z,_Z,W00,W00,_Z,CO,2012,1.10792,0,A,A,5
EA,GPI,_Z,_Z,_T,Y_GE25,_T,INST_T,L4T8,_Z,_T,_T,_T,_T,_Z,_Z,_Z,_Z,W00,W00,_Z,CO,2013,1.12932,0,A,A,5
EA,GPI,_Z,_Z,_T,Y_GE25,_T,INST_T,L4T8,_Z,_T,_T,_T,_T,_Z,_Z,_Z,_Z,W00,W00,_Z,CO,2014,1.13728,0,A,A,5
EA,GPI,_Z,_Z,_T,Y_GE25,_T,INST_T,L4T8,_Z,_T,_T,_T,_T,_Z,_Z,_Z,_Z,W00,W00,_Z,CO,2015,1.14092,0,A,A,5
EA,GPI,_Z,_Z,_T,Y_GE25,_T,INST_T,L4T8,_Z,_T,_T,_T,_T,_Z,_Z,_Z,_Z,W00,W00,_Z,CO,2016,1.15102,0,A,A,5
EA,GPI,_Z,_Z,_T,Y_GE25,_T,INST_T,L4T8,_Z,_T,_T,_T,_T,_Z,_Z,_Z,_Z,W00,W00,_Z,CO,2018,1.15675,0,A,A,5
EA,GPI,_Z,_Z,_T,Y_GE25,_T,INST_T,L4T8,_Z,_T,_T,_T,_T,_Z,_Z,_Z,_Z,W00,W00,_Z,CR,2007,0.97368,0,A,A,5
EA,GPI,_Z,_Z,_T,Y_GE25,_T,INST_T,L4T8,_Z,_T,_T,_T,_T,_Z,_Z,_Z,_Z,W00,W00,_Z,CR,2008,0.98887,0,A,A,5
EA,GPI,_Z,_Z,_T,Y_GE25,_T,INST_T,L4T8,_Z,_T,_T,_T,_T,_Z,_Z,_Z,_Z,W00,W00,_Z,CR,2009,1.01782,0,A,A,5
EA,GPI,_Z,_Z,_T,Y_GE25,_T,INST_T,L4T8,_Z,_T,_T,_T,_T,_Z,_Z,_Z,_Z,W00,W00,_Z,CR,2010,1.01217,0,A,A,5
EA,GPI,_Z,_Z,_T,Y_GE25,_T,INST_T,L4T8,_Z,_T,_T,_T,_T,_Z,_Z,_Z,_Z,W00,W00,_Z,CR,2011,1.02647,0,A,A,5
EA,GPI,_Z,_Z,_T,Y_GE25,_T,INST_T,L4T8,_Z,_T,_T,_T,_T,_Z,_Z,_Z,_Z,W00,W00,_Z,CR,2012,1.02272,0,A,A,5
EA,GPI,_Z,_Z,_T,Y_GE25,_T,INST_T,L4T8,_Z,_T,_T,_T,_T,_Z,_Z,_Z,_Z,W00,W00,_Z,CR,2014,1.00761,0,A,A,5
EA,GPI,_Z,_Z,_T,Y_GE25,_T,INST_T,L4T8,_Z,_T,_T,_T,_T,_Z,_Z,_Z,_Z,W00,W00,_Z,CR,2015,1.06766,0,A,A,5
EA,GPI,_Z,_Z,_T,Y_GE25,_T,INST_T,L4T8,_Z,_T,_T,_T,_T,_Z,_Z,_Z,_Z,W00,W00,_Z,CR,2016,1.09864,0,A,A,5
EA,GPI,_Z,_Z,_T,Y_GE25,_T,INST_T,L4T8,_Z,_T,_T,_T,_T,_Z,_Z,_Z,_Z,W00,W00,_Z,CR,2018,1.12268,0,A,A,5
EA,GPI,_Z,_Z,_T,Y_GE25,_T,INST_T,L4T8,_Z,_T,_T,_T,_T,_Z,_Z,_Z,_Z,W00,W00,_Z,CU,2002,1.03620,0,A,A,5
EA,GPI,_Z,_Z,_T,Y_GE25,_T,INST_T,L4T8,_Z,_T,_T,_T,_T,_Z,_Z,_Z,_Z,W00,W00,_Z,CU,2012,1.08898,0,A,A,5
EA,GPI,_Z,_Z,_T,Y_GE25,_T,INST_T,L4T8,_Z,_T,_T,_T,_T,_Z,_Z,_Z,_Z,W00,W00,_Z,CV,2015,1.08226,0,A,A,5
EA,GPI,_Z,_Z,_T,Y_GE25,_T,INST_T,L4T8,_Z,_T,_T,_T,_T,_Z,_Z,_Z,_Z,W00,W00,_Z,CY,2004,0.94822,0,A,A,5
EA,GPI,_Z,_Z,_T,Y_GE25,_T,INST_T,L4T8,_Z,_T,_T,_T,_T,_Z,_Z,_Z,_Z,W00,W00,_Z,CY,2005,1.00844,0,A,A,5
EA,GPI,_Z,_Z,_T,Y_GE25,_T,INST_T,L4T8,_Z,_T,_T,_T,_T,_Z,_Z,_Z,_Z,W00,W00,_Z,CY,2006,1.01617,0,A,A,5
EA,GPI,_Z,_Z,_T,Y_GE25,_T,INST_T,L4T8,_Z,_T,_T,_T,_T,_Z,_Z,_Z,_Z,W00,W00,_Z,CY,2007,1.01910,0,A,A,5
EA,GPI,_Z,_Z,_T,Y_GE25,_T,INST_T,L4T8,_Z,_T,_T,_T,_T,_Z,_Z,_Z,_Z,W00,W00,_Z,CY,2008,1.00389,0,A,A,5
EA,GPI,_Z,_Z,_T,Y_GE25,_T,INST_T,L4T8,_Z,_T,_T,_T,_T,_Z,_Z,_Z,_Z,W00,W00,_Z,CY,2009,1.01054,0,A,A,5
EA,GPI,_Z,_Z,_T,Y_GE25,_T,INST_T,L4T8,_Z,_T,_T,_T,_T,_Z,_Z,_Z,_Z,W00,W00,_Z,CY,2010,1.02022,0,A,A,5
EA,GPI,_Z,_Z,_T,Y_GE25,_T,INST_T,L4T8,_Z,_T,_T,_T,_T,_Z,_Z,_Z,_Z,W00,W00,_Z,CY,2011,1.02284,0,A,A,5
EA,GPI,_Z,_Z,_T,Y_GE25,_T,INST_T,L4T8,_Z,_T,_T,_T,_T,_Z,_Z,_Z,_Z,W00,W00,_Z,CY,2012,1.06528,0,A,A,5
EA,GPI,_Z,_Z,_T,Y_GE25,_T,INST_T,L4T8,_Z,_T,_T,_T,_T,_Z,_Z,_Z,_Z,W00,W00,_Z,CY,2013,1.06297,0,A,A,5
EA,GPI,_Z,_Z,_T,Y_GE25,_T,INST_T,L4T8,_Z,_T,_T,_T,_T,_Z,_Z,_Z,_Z,W00,W00,_Z,CY,2014,1.09980,0,A,A,5
EA,GPI,_Z,_Z,_T,Y_GE25,_T,INST_T,L4T8,_Z,_T,_T,_T,_T,_Z,_Z,_Z,_Z,W00,W00,_Z,CY,2015,1.09872,0,A,A,5
EA,GPI,_Z,_Z,_T,Y_GE25,_T,INST_T,L4T8,_Z,_T,_T,_T,_T,_Z,_Z,_Z,_Z,W00,W00,_Z,CY,2016,1.13689,0,A,A,5
EA,GPI,_Z,_Z,_T,Y_GE25,_T,INST_T,L4T8,_Z,_T,_T,_T,_T,_Z,_Z,_Z,_Z,W00,W00,_Z,CY,2018,1.15308,0,A,A,5
EA,GPI,_Z,_Z,_T,Y_GE25,_T,INST_T,L4T8,_Z,_T,_T,_T,_T,_Z,_Z,_Z,_Z,W00,W00,_Z,CZ,2006,0.80057,0,A,A,5
EA,GPI,_Z,_Z,_T,Y_GE25,_T,INST_T,L4T8,_Z,_T,_T,_T,_T,_Z,_Z,_Z,_Z,W00,W00,_Z,CZ,2007,0.80917,0,A,A,5
EA,GPI,_Z,_Z,_T,Y_GE25,_T,INST_T,L4T8,_Z,_T,_T,_T,_T,_Z,_Z,_Z,_Z,W00,W00,_Z,CZ,2008,0.85206,0,A,A,5
EA,GPI,_Z,_Z,_T,Y_GE25,_T,INST_T,L4T8,_Z,_T,_T,_T,_T,_Z,_Z,_Z,_Z,W00,W00,_Z,CZ,2009,0.87232,0,A,A,5
EA,GPI,_Z,_Z,_T,Y_GE25,_T,INST_T,L4T8,_Z,_T,_T,_T,_T,_Z,_Z,_Z,_Z,W00,W00,_Z,CZ,2010,0.88369,0,A,A,5
EA,GPI,_Z,_Z,_T,Y_GE25,_T,INST_T,L4T8,_Z,_T,_T,_T,_T,_Z,_Z,_Z,_Z,W00,W00,_Z,CZ,2011,0.91103,0,A,A,5
EA,GPI,_Z,_Z,_T,Y_GE25,_T,INST_T,L4T8,_Z,_T,_T,_T,_T,_Z,_Z,_Z,_Z,W00,W00,_Z,CZ,2012,0.94790,0,A,A,5
EA,GPI,_Z,_Z,_T,Y_GE25,_T,INST_T,L4T8,_Z,_T,_T,_T,_T,_Z,_Z,_Z,_Z,W00,W00,_Z,CZ,2013,0.96425,0,A,A,5
EA,GPI,_Z,_Z,_T,Y_GE25,_T,INST_T,L4T8,_Z,_T,_T,_T,_T,_Z,_Z,_Z,_Z,W00,W00,_Z,CZ,2014,0.92751,0,A,A,5
EA,GPI,_Z,_Z,_T,Y_GE25,_T,INST_T,L4T8,_Z,_T,_T,_T,_T,_Z,_Z,_Z,_Z,W00,W00,_Z,CZ,2015,0.96986,0,A,A,5
EA,GPI,_Z,_Z,_T,Y_GE25,_T,INST_T,L4T8,_Z,_T,_T,_T,_T,_Z,_Z,_Z,_Z,W00,W00,_Z,CZ,2016,0.95106,0,A,A,5
EA,GPI,_Z,_Z,_T,Y_GE25,_T,INST_T,L4T8,_Z,_T,_T,_T,_T,_Z,_Z,_Z,_Z,W00,W00,_Z,DE,2006,0.68858,0,A,A,5
EA,GPI,_Z,_Z,_T,Y_GE25,_T,INST_T,L4T8,_Z,_T,_T,_T,_T,_Z,_Z,_Z,_Z,W00,W00,_Z,DE,2007,0.69869,0,A,A,5
EA,GPI,_Z,_Z,_T,Y_GE25,_T,INST_T,L4T8,_Z,_T,_T,_T,_T,_Z,_Z,_Z,_Z,W00,W00,_Z,DE,2008,0.70498,0,A,A,5
EA,GPI,_Z,_Z,_T,Y_GE25,_T,INST_T,L4T8,_Z,_T,_T,_T,_T,_Z,_Z,_Z,_Z,W00,W00,_Z,DE,2009,0.72068,0,A,A,5
EA,GPI,_Z,_Z,_T,Y_GE25,_T,INST_T,L4T8,_Z,_T,_T,_T,_T,_Z,_Z,_Z,_Z,W00,W00,_Z,DE,2010,0.72885,0,A,A,5
EA,GPI,_Z,_Z,_T,Y_GE25,_T,INST_T,L4T8,_Z,_T,_T,_T,_T,_Z,_Z,_Z,_Z,W00,W00,_Z,DE,2011,0.75835,0,A,A,5
EA,GPI,_Z,_Z,_T,Y_GE25,_T,INST_T,L4T8,_Z,_T,_T,_T,_T,_Z,_Z,_Z,_Z,W00,W00,_Z,DE,2012,0.77069,0,A,A,5
EA,GPI,_Z,_Z,_T,Y_GE25,_T,INST_T,L4T8,_Z,_T,_T,_T,_T,_Z,_Z,_Z,_Z,W00,W00,_Z,DE,2013,0.78611,0,A,A,5
EA,GPI,_Z,_Z,_T,Y_GE25,_T,INST_T,L4T8,_Z,_T,_T,_T,_T,_Z,_Z,_Z,_Z,W00,W00,_Z,DE,2014,0.80997,0,A,A,5
EA,GPI,_Z,_Z,_T,Y_GE25,_T,INST_T,L4T8,_Z,_T,_T,_T,_T,_Z,_Z,_Z,_Z,W00,W00,_Z,DE,2015,0.83090,0,A,A,5
EA,GPI,_Z,_Z,_T,Y_GE25,_T,INST_T,L4T8,_Z,_T,_T,_T,_T,_Z,_Z,_Z,_Z,W00,W00,_Z,DE,2016,0.84935,0,A,A,5
EA,GPI,_Z,_Z,_T,Y_GE25,_T,INST_T,L4T8,_Z,_T,_T,_T,_T,_Z,_Z,_Z,_Z,W00,W00,_Z,DE,2018,0.89191,0,A,A,5
EA,GPI,_Z,_Z,_T,Y_GE25,_T,INST_T,L4T8,_Z,_T,_T,_T,_T,_Z,_Z,_Z,_Z,W00,W00,_Z,DK,2003,1.16215,0,A,A,5
EA,GPI,_Z,_Z,_T,Y_GE25,_T,INST_T,L4T8,_Z,_T,_T,_T,_T,_Z,_Z,_Z,_Z,W00,W00,_Z,DK,2004,1.23180,0,A,A,5
EA,GPI,_Z,_Z,_T,Y_GE25,_T,INST_T,L4T8,_Z,_T,_T,_T,_T,_Z,_Z,_Z,_Z,W00,W00,_Z,DK,2008,1.15186,0,A,A,5
EA,GPI,_Z,_Z,_T,Y_GE25,_T,INST_T,L4T8,_Z,_T,_T,_T,_T,_Z,_Z,_Z,_Z,W00,W00,_Z,DK,2015,1.27531,0,A,A,5
EA,GPI,_Z,_Z,_T,Y_GE25,_T,INST_T,L4T8,_Z,_T,_T,_T,_T,_Z,_Z,_Z,_Z,W00,W00,_Z,DK,2016,1.22356,0,A,A,5
EA,GPI,_Z,_Z,_T,Y_GE25,_T,INST_T,L4T8,_Z,_T,_T,_T,_T,_Z,_Z,_Z,_Z,W00,W00,_Z,DK,2018,1.29646,0,A,A,5
EA,GPI,_Z,_Z,_T,Y_GE25,_T,INST_T,L4T8,_Z,_T,_T,_T,_T,_Z,_Z,_Z,_Z,W00,W00,_Z,DO,2007,1.33084,0,A,A,5
EA,GPI,_Z,_Z,_T,Y_GE25,_T,INST_T,L4T8,_Z,_T,_T,_T,_T,_Z,_Z,_Z,_Z,W00,W00,_Z,DO,2010,1.32379,0,A,A,5
EA,GPI,_Z,_Z,_T,Y_GE25,_T,INST_T,L4T8,_Z,_T,_T,_T,_T,_Z,_Z,_Z,_Z,W00,W00,_Z,DO,2011,1.34274,0,A,A,5
EA,GPI,_Z,_Z,_T,Y_GE25,_T,INST_T,L4T8,_Z,_T,_T,_T,_T,_Z,_Z,_Z,_Z,W00,W00,_Z,DO,2012,1.39185,0,A,A,5
EA,GPI,_Z,_Z,_T,Y_GE25,_T,INST_T,L4T8,_Z,_T,_T,_T,_T,_Z,_Z,_Z,_Z,W00,W00,_Z,DO,2013,1.22951,0,A,A,5
EA,GPI,_Z,_Z,_T,Y_GE25,_T,INST_T,L4T8,_Z,_T,_T,_T,_T,_Z,_Z,_Z,_Z,W00,W00,_Z,DO,2014,1.38760,0,A,A,5
EA,GPI,_Z,_Z,_T,Y_GE25,_T,INST_T,L4T8,_Z,_T,_T,_T,_T,_Z,_Z,_Z,_Z,W00,W00,_Z,DO,2015,1.43339,0,A,A,5
EA,GPI,_Z,_Z,_T,Y_GE25,_T,INST_T,L4T8,_Z,_T,_T,_T,_T,_Z,_Z,_Z,_Z,W00,W00,_Z,DO,2016,1.37115,0,A,A,5
EA,GPI,_Z,_Z,_T,Y_GE25,_T,INST_T,L4T8,_Z,_T,_T,_T,_T,_Z,_Z,_Z,_Z,W00,W00,_Z,DZ,2008,0.85343,0,A,A,5
EA,GPI,_Z,_Z,_T,Y_GE25,_T,INST_T,L4T8,_Z,_T,_T,_T,_T,_Z,_Z,_Z,_Z,W00,W00,_Z,EC,2007,0.88475,0,A,A,5
EA,GPI,_Z,_Z,_T,Y_GE25,_T,INST_T,L4T8,_Z,_T,_T,_T,_T,_Z,_Z,_Z,_Z,W00,W00,_Z,EC,2008,0.94587,0,A,A,5
EA,GPI,_Z,_Z,_T,Y_GE25,_T,INST_T,L4T8,_Z,_T,_T,_T,_T,_Z,_Z,_Z,_Z,W00,W00,_Z,EC,2009,0.94359,0,A,A,5
EA,GPI,_Z,_Z,_T,Y_GE25,_T,INST_T,L4T8,_Z,_T,_T,_T,_T,_Z,_Z,_Z,_Z,W00,W00,_Z,EC,2010,0.93931,0,A,A,5
EA,GPI,_Z,_Z,_T,Y_GE25,_T,INST_T,L4T8,_Z,_T,_T,_T,_T,_Z,_Z,_Z,_Z,W00,W00,_Z,EC,2011,1.03165,0,A,A,5
EA,GPI,_Z,_Z,_T,Y_GE25,_T,INST_T,L4T8,_Z,_T,_T,_T,_T,_Z,_Z,_Z,_Z,W00,W00,_Z,EC,2012,1.01410,0,A,A,5
EA,GPI,_Z,_Z,_T,Y_GE25,_T,INST_T,L4T8,_Z,_T,_T,_T,_T,_Z,_Z,_Z,_Z,W00,W00,_Z,EC,2013,0.99494,0,A,A,5
EA,GPI,_Z,_Z,_T,Y_GE25,_T,INST_T,L4T8,_Z,_T,_T,_T,_T,_Z,_Z,_Z,_Z,W00,W00,_Z,EC,2014,1.02920,0,A,A,5
EA,GPI,_Z,_Z,_T,Y_GE25,_T,INST_T,L4T8,_Z,_T,_T,_T,_T,_Z,_Z,_Z,_Z,W00,W00,_Z,EC,2015,1.09108,0,A,A,5
EA,GPI,_Z,_Z,_T,Y_GE25,_T,INST_T,L4T8,_Z,_T,_T,_T,_T,_Z,_Z,_Z,_Z,W00,W00,_Z,EC,2016,1.08540,0,A,A,5
EA,GPI,_Z,_Z,_T,Y_GE25,_T,INST_T,L4T8,_Z,_T,_T,_T,_T,_Z,_Z,_Z,_Z,W00,W00,_Z,EC,2017,1.18193,0,A,A,5
EA,GPI,_Z,_Z,_T,Y_GE25,_T,INST_T,L4T8,_Z,_T,_T,_T,_T,_Z,_Z,_Z,_Z,W00,W00,_Z,EE,2000,1.27109,0,A,A,5
EA,GPI,_Z,_Z,_T,Y_GE25,_T,INST_T,L4T8,_Z,_T,_T,_T,_T,_Z,_Z,_Z,_Z,W00,W00,_Z,EE,2017,1.56146,0,A,A,5
EA,GPI,_Z,_Z,_T,Y_GE25,_T,INST_T,L4T8,_Z,_T,_T,_T,_T,_Z,_Z,_Z,_Z,W00,W00,_Z,EE,2018,1.59155,0,A,A,5
EA,GPI,_Z,_Z,_T,Y_GE25,_T,INST_T,L4T8,_Z,_T,_T,_T,_T,_Z,_Z,_Z,_Z,W00,W00,_Z,EG,2006,0.64304,0,A,A,5
EA,GPI,_Z,_Z,_T,Y_GE25,_T,INST_T,L4T8,_Z,_T,_T,_T,_T,_Z,_Z,_Z,_Z,W00,W00,_Z,EG,2017,0.95804,0,A,A,5
EA,GPI,_Z,_Z,_T,Y_GE25,_T,INST_T,L4T8,_Z,_T,_T,_T,_T,_Z,_Z,_Z,_Z,W00,W00,_Z,ES,2004,0.90127,0,A,A,5
EA,GPI,_Z,_Z,_T,Y_GE25,_T,INST_T,L4T8,_Z,_T,_T,_T,_T,_Z,_Z,_Z,_Z,W00,W00,_Z,ES,2005,0.90778,0,A,A,5
EA,GPI,_Z,_Z,_T,Y_GE25,_T,INST_T,L4T8,_Z,_T,_T,_T,_T,_Z,_Z,_Z,_Z,W00,W00,_Z,ES,2006,0.91734,0,A,A,5
EA,GPI,_Z,_Z,_T,Y_GE25,_T,INST_T,L4T8,_Z,_T,_T,_T,_T,_Z,_Z,_Z,_Z,W00,W00,_Z,ES,2007,0.92437,0,A,A,5
EA,GPI,_Z,_Z,_T,Y_GE25,_T,INST_T,L4T8,_Z,_T,_T,_T,_T,_Z,_Z,_Z,_Z,W00,W00,_Z,ES,2008,0.92884,0,A,A,5
EA,GPI,_Z,_Z,_T,Y_GE25,_T,INST_T,L4T8,_Z,_T,_T,_T,_T,_Z,_Z,_Z,_Z,W00,W00,_Z,ES,2009,0.95551,0,A,A,5
EA,GPI,_Z,_Z,_T,Y_GE25,_T,INST_T,L4T8,_Z,_T,_T,_T,_T,_Z,_Z,_Z,_Z,W00,W00,_Z,ES,2010,0.96035,0,A,A,5
EA,GPI,_Z,_Z,_T,Y_GE25,_T,INST_T,L4T8,_Z,_T,_T,_T,_T,_Z,_Z,_Z,_Z,W00,W00,_Z,ES,2011,0.96157,0,A,A,5
EA,GPI,_Z,_Z,_T,Y_GE25,_T,INST_T,L4T8,_Z,_T,_T,_T,_T,_Z,_Z,_Z,_Z,W00,W00,_Z,ES,2012,0.97351,0,A,A,5
EA,GPI,_Z,_Z,_T,Y_GE25,_T,INST_T,L4T8,_Z,_T,_T,_T,_T,_Z,_Z,_Z,_Z,W00,W00,_Z,ES,2014,0.99167,0,A,A,5
EA,GPI,_Z,_Z,_T,Y_GE25,_T,INST_T,L4T8,_Z,_T,_T,_T,_T,_Z,_Z,_Z,_Z,W00,W00,_Z,ES,2015,1.01940,0,A,A,5
EA,GPI,_Z,_Z,_T,Y_GE25,_T,INST_T,L4T8,_Z,_T,_T,_T,_T,_Z,_Z,_Z,_Z,W00,W00,_Z,ES,2016,1.03117,0,A,A,5
EA,GPI,_Z,_Z,_T,Y_GE25,_T,INST_T,L4T8,_Z,_T,_T,_T,_T,_Z,_Z,_Z,_Z,W00,W00,_Z,ES,2018,1.02120,0,A,A,5
EA,GPI,_Z,_Z,_T,Y_GE25,_T,INST_T,L4T8,_Z,_T,_T,_T,_T,_Z,_Z,_Z,_Z,W00,W00,_Z,ET,2007,0.39952,0,A,A,5
EA,GPI,_Z,_Z,_T,Y_GE25,_T,INST_T,L4T8,_Z,_T,_T,_T,_T,_Z,_Z,_Z,_Z,W00,W00,_Z,ET,2011,0.44680,0,A,A,5
EA,GPI,_Z,_Z,_T,Y_GE25,_T,INST_T,L4T8,_Z,_T,_T,_T,_T,_Z,_Z,_Z,_Z,W00,W00,_Z,FI,2013,1.22505,0,A,A,5
EA,GPI,_Z,_Z,_T,Y_GE25,_T,INST_T,L4T8,_Z,_T,_T,_T,_T,_Z,_Z,_Z,_Z,W00,W00,_Z,FI,2014,1.23154,0,A,A,5
EA,GPI,_Z,_Z,_T,Y_GE25,_T,INST_T,L4T8,_Z,_T,_T,_T,_T,_Z,_Z,_Z,_Z,W00,W00,_Z,FI,2015,1.23979,0,A,A,5
EA,GPI,_Z,_Z,_T,Y_GE25,_T,INST_T,L4T8,_Z,_T,_T,_T,_T,_Z,_Z,_Z,_Z,W00,W00,_Z,FI,2017,1.25103,0,A,A,5
EA,GPI,_Z,_Z,_T,Y_GE25,_T,INST_T,L4T8,_Z,_T,_T,_T,_T,_Z,_Z,_Z,_Z,W00,W00,_Z,FJ,2007,0.84621,0,A,A,5
EA,GPI,_Z,_Z,_T,Y_GE25,_T,INST_T,L4T8,_Z,_T,_T,_T,_T,_Z,_Z,_Z,_Z,W00,W00,_Z,FR,2004,0.98283,0,A,A,5
EA,GPI,_Z,_Z,_T,Y_GE25,_T,INST_T,L4T8,_Z,_T,_T,_T,_T,_Z,_Z,_Z,_Z,W00,W00,_Z,FR,2005,1.00202,0,A,A,5
EA,GPI,_Z,_Z,_T,Y_GE25,_T,INST_T,L4T8,_Z,_T,_T,_T,_T,_Z,_Z,_Z,_Z,W00,W00,_Z,FR,2007,1.00735,0,A,A,5
EA,GPI,_Z,_Z,_T,Y_GE25,_T,INST_T,L4T8,_Z,_T,_T,_T,_T,_Z,_Z,_Z,_Z,W00,W00,_Z,FR,2008,1.03266,0,A,A,5
EA,GPI,_Z,_Z,_T,Y_GE25,_T,INST_T,L4T8,_Z,_T,_T,_T,_T,_Z,_Z,_Z,_Z,W00,W00,_Z,FR,2009,1.03892,0,A,A,5
EA,GPI,_Z,_Z,_T,Y_GE25,_T,INST_T,L4T8,_Z,_T,_T,_T,_T,_Z,_Z,_Z,_Z,W00,W00,_Z,FR,2010,1.02042,0,A,A,5
EA,GPI,_Z,_Z,_T,Y_GE25,_T,INST_T,L4T8,_Z,_T,_T,_T,_T,_Z,_Z,_Z,_Z,W00,W00,_Z,FR,2011,1.02429,0,A,A,5
EA,GPI,_Z,_Z,_T,Y_GE25,_T,INST_T,L4T8,_Z,_T,_T,_T,_T,_Z,_Z,_Z,_Z,W00,W00,_Z,FR,2012,1.02812,0,A,A,5
EA,GPI,_Z,_Z,_T,Y_GE25,_T,INST_T,L4T8,_Z,_T,_T,_T,_T,_Z,_Z,_Z,_Z,W00,W00,_Z,FR,2013,1.03645,0,A,A,5
EA,GPI,_Z,_Z,_T,Y_GE25,_T,INST_T,L4T8,_Z,_T,_T,_T,_T,_Z,_Z,_Z,_Z,W00,W00,_Z,FR,2014,1.04634,0,A,A,5
EA,GPI,_Z,_Z,_T,Y_GE25,_T,INST_T,L4T8,_Z,_T,_T,_T,_T,_Z,_Z,_Z,_Z,W00,W00,_Z,FR,2015,1.05613,0,A,A,5
EA,GPI,_Z,_Z,_T,Y_GE25,_T,INST_T,L4T8,_Z,_T,_T,_T,_T,_Z,_Z,_Z,_Z,W00,W00,_Z,FR,2016,1.04817,0,A,A,5
EA,GPI,_Z,_Z,_T,Y_GE25,_T,INST_T,L4T8,_Z,_T,_T,_T,_T,_Z,_Z,_Z,_Z,W00,W00,_Z,FR,2017,1.05378,0,A,A,5
EA,GPI,_Z,_Z,_T,Y_GE25,_T,INST_T,L4T8,_Z,_T,_T,_T,_T,_Z,_Z,_Z,_Z,W00,W00,_Z,GB,2009,0.99278,0,A,A,5
EA,GPI,_Z,_Z,_T,Y_GE25,_T,INST_T,L4T8,_Z,_T,_T,_T,_T,_Z,_Z,_Z,_Z,W00,W00,_Z,GB,2010,1.01268,0,A,A,5
EA,GPI,_Z,_Z,_T,Y_GE25,_T,INST_T,L4T8,_Z,_T,_T,_T,_T,_Z,_Z,_Z,_Z,W00,W00,_Z,GB,2011,0.92926,0,A,A,5
EA,GPI,_Z,_Z,_T,Y_GE25,_T,INST_T,L4T8,_Z,_T,_T,_T,_T,_Z,_Z,_Z,_Z,W00,W00,_Z,GB,2012,1.01923,0,A,A,5
EA,GPI,_Z,_Z,_T,Y_GE25,_T,INST_T,L4T8,_Z,_T,_T,_T,_T,_Z,_Z,_Z,_Z,W00,W00,_Z,GB,2013,1.03715,0,A,A,5
EA,GPI,_Z,_Z,_T,Y_GE25,_T,INST_T,L4T8,_Z,_T,_T,_T,_T,_Z,_Z,_Z,_Z,W00,W00,_Z,GB,2014,1.06214,0,A,A,5
EA,GPI,_Z,_Z,_T,Y_GE25,_T,INST_T,L4T8,_Z,_T,_T,_T,_T,_Z,_Z,_Z,_Z,W00,W00,_Z,GB,2017,1.04902,0,A,A,5
EA,GPI,_Z,_Z,_T,Y_GE25,_T,INST_T,L4T8,_Z,_T,_T,_T,_T,_Z,_Z,_Z,_Z,W00,W00,_Z,GE,2002,1.00460,0,A,A,5
EA,GPI,_Z,_Z,_T,Y_GE25,_T,INST_T,L4T8,_Z,_T,_T,_T,_T,_Z,_Z,_Z,_Z,W00,W00,_Z,GE,2012,1.06931,0,A,A,5
EA,GPI,_Z,_Z,_T,Y_GE25,_T,INST_T,L4T8,_Z,_T,_T,_T,_T,_Z,_Z,_Z,_Z,W00,W00,_Z,GE,2014,1.15961,0,A,A,5
EA,GPI,_Z,_Z,_T,Y_GE25,_T,INST_T,L4T8,_Z,_T,_T,_T,_T,_Z,_Z,_Z,_Z,W00,W00,_Z,GE,2016,1.16794,0,A,A,5
EA,GPI,_Z,_Z,_T,Y_GE25,_T,INST_T,L4T8,_Z,_T,_T,_T,_T,_Z,_Z,_Z,_Z,W00,W00,_Z,GE,2017,1.09267,0,A,A,5
EA,GPI,_Z,_Z,_T,Y_GE25,_T,INST_T,L4T8,_Z,_T,_T,_T,_T,_Z,_Z,_Z,_Z,W00,W00,_Z,GH,2010,0.53633,0,A,A,5
EA,GPI,_Z,_Z,_T,Y_GE25,_T,INST_T,L4T8,_Z,_T,_T,_T,_T,_Z,_Z,_Z,_Z,W00,W00,_Z,GL,2012,1.38013,0,A,A,5
EA,GPI,_Z,_Z,_T,Y_GE25,_T,INST_T,L4T8,_Z,_T,_T,_T,_T,_Z,_Z,_Z,_Z,W00,W00,_Z,GL,2014,1.40870,0,A,A,5
EA,GPI,_Z,_Z,_T,Y_GE25,_T,INST_T,L4T8,_Z,_T,_T,_T,_T,_Z,_Z,_Z,_Z,W00,W00,_Z,GL,2015,1.50930,0,A,A,5
EA,GPI,_Z,_Z,_T,Y_GE25,_T,INST_T,L4T8,_Z,_T,_T,_T,_T,_Z,_Z,_Z,_Z,W00,W00,_Z,GN,2010,0.22256,0,A,A,5
EA,GPI,_Z,_Z,_T,Y_GE25,_T,INST_T,L4T8,_Z,_T,_T,_T,_T,_Z,_Z,_Z,_Z,W00,W00,_Z,GN,2014,0.28264,0,A,A,5
EA,GPI,_Z,_Z,_T,Y_GE25,_T,INST_T,L4T8,_Z,_T,_T,_T,_T,_Z,_Z,_Z,_Z,W00,W00,_Z,GR,2005,0.88272,0,A,A,5
EA,GPI,_Z,_Z,_T,Y_GE25,_T,INST_T,L4T8,_Z,_T,_T,_T,_T,_Z,_Z,_Z,_Z,W00,W00,_Z,GR,2006,0.80521,0,A,A,5
EA,GPI,_Z,_Z,_T,Y_GE25,_T,INST_T,L4T8,_Z,_T,_T,_T,_T,_Z,_Z,_Z,_Z,W00,W00,_Z,GR,2007,0.88613,0,A,A,5
EA,GPI,_Z,_Z,_T,Y_GE25,_T,INST_T,L4T8,_Z,_T,_T,_T,_T,_Z,_Z,_Z,_Z,W00,W00,_Z,GR,2008,0.89517,0,A,A,5
EA,GPI,_Z,_Z,_T,Y_GE25,_T,INST_T,L4T8,_Z,_T,_T,_T,_T,_Z,_Z,_Z,_Z,W00,W00,_Z,GR,2010,0.93590,0,A,A,5
EA,GPI,_Z,_Z,_T,Y_GE25,_T,INST_T,L4T8,_Z,_T,_T,_T,_T,_Z,_Z,_Z,_Z,W00,W00,_Z,GR,2014,0.93000,0,A,A,5
EA,GPI,_Z,_Z,_T,Y_GE25,_T,INST_T,L4T8,_Z,_T,_T,_T,_T,_Z,_Z,_Z,_Z,W00,W00,_Z,GR,2015,0.97442,0,A,A,5
EA,GPI,_Z,_Z,_T,Y_GE25,_T,INST_T,L4T8,_Z,_T,_T,_T,_T,_Z,_Z,_Z,_Z,W00,W00,_Z,GR,2016,0.97563,0,A,A,5
EA,GPI,_Z,_Z,_T,Y_GE25,_T,INST_T,L4T8,_Z,_T,_T,_T,_T,_Z,_Z,_Z,_Z,W00,W00,_Z,GT,2002,0.60031,0,A,A,5
EA,GPI,_Z,_Z,_T,Y_GE25,_T,INST_T,L4T8,_Z,_T,_T,_T,_T,_Z,_Z,_Z,_Z,W00,W00,_Z,GT,2006,0.50414,0,A,A,5
EA,GPI,_Z,_Z,_T,Y_GE25,_T,INST_T,L4T8,_Z,_T,_T,_T,_T,_Z,_Z,_Z,_Z,W00,W00,_Z,GT,2012,0.62241,0,A,A,5
EA,GPI,_Z,_Z,_T,Y_GE25,_T,INST_T,L4T8,_Z,_T,_T,_T,_T,_Z,_Z,_Z,_Z,W00,W00,_Z,GT,2013,1.01303,0,A,A,5
EA,GPI,_Z,_Z,_T,Y_GE25,_T,INST_T,L4T8,_Z,_T,_T,_T,_T,_Z,_Z,_Z,_Z,W00,W00,_Z,GT,2014,0.71801,0,A,A,5
EA,GPI,_Z,_Z,_T,Y_GE25,_T,INST_T,L4T8,_Z,_T,_T,_T,_T,_Z,_Z,_Z,_Z,W00,W00,_Z,GY,2002,1.15406,0,A,A,5
EA,GPI,_Z,_Z,_T,Y_GE25,_T,INST_T,L4T8,_Z,_T,_T,_T,_T,_Z,_Z,_Z,_Z,W00,W00,_Z,HK,2006,0.80828,0,A,A,5
EA,GPI,_Z,_Z,_T,Y_GE25,_T,INST_T,L4T8,_Z,_T,_T,_T,_T,_Z,_Z,_Z,_Z,W00,W00,_Z,HK,2008,0.80623,0,A,A,5
EA,GPI,_Z,_Z,_T,Y_GE25,_T,INST_T,L4T8,_Z,_T,_T,_T,_T,_Z,_Z,_Z,_Z,W00,W00,_Z,HK,2009,0.78477,0,A,A,5
EA,GPI,_Z,_Z,_T,Y_GE25,_T,INST_T,L4T8,_Z,_T,_T,_T,_T,_Z,_Z,_Z,_Z,W00,W00,_Z,HK,2010,0.79342,0,A,A,5
EA,GPI,_Z,_Z,_T,Y_GE25,_T,INST_T,L4T8,_Z,_T,_T,_T,_T,_Z,_Z,_Z,_Z,W00,W00,_Z,HK,2011,0.78749,0,A,A,5
EA,GPI,_Z,_Z,_T,Y_GE25,_T,INST_T,L4T8,_Z,_T,_T,_T,_T,_Z,_Z,_Z,_Z,W00,W00,_Z,HK,2014,0.79536,0,A,A,5
EA,GPI,_Z,_Z,_T,Y_GE25,_T,INST_T,L4T8,_Z,_T,_T,_T,_T,_Z,_Z,_Z,_Z,W00,W00,_Z,HK,2015,0.78071,0,A,A,5
EA,GPI,_Z,_Z,_T,Y_GE25,_T,INST_T,L4T8,_Z,_T,_T,_T,_T,_Z,_Z,_Z,_Z,W00,W00,_Z,HK,2017,0.79805,0,A,A,5
EA,GPI,_Z,_Z,_T,Y_GE25,_T,INST_T,L4T8,_Z,_T,_T,_T,_T,_Z,_Z,_Z,_Z,W00,W00,_Z,HN,2007,0.90324,0,A,A,5
EA,GPI,_Z,_Z,_T,Y_GE25,_T,INST_T,L4T8,_Z,_T,_T,_T,_T,_Z,_Z,_Z,_Z,W00,W00,_Z,HN,2011,0.92644,0,A,A,5
EA,GPI,_Z,_Z,_T,Y_GE25,_T,INST_T,L4T8,_Z,_T,_T,_T,_T,_Z,_Z,_Z,_Z,W00,W00,_Z,HN,2012,0.98232,0,A,A,5
EA,GPI,_Z,_Z,_T,Y_GE25,_T,INST_T,L4T8,_Z,_T,_T,_T,_T,_Z,_Z,_Z,_Z,W00,W00,_Z,HN,2014,0.97450,0,A,A,5
EA,GPI,_Z,_Z,_T,Y_GE25,_T,INST_T,L4T8,_Z,_T,_T,_T,_T,_Z,_Z,_Z,_Z,W00,W00,_Z,HN,2015,0.99817,0,A,A,5
EA,GPI,_Z,_Z,_T,Y_GE25,_T,INST_T,L4T8,_Z,_T,_T,_T,_T,_Z,_Z,_Z,_Z,W00,W00,_Z,HN,2016,0.96505,0,A,A,5
EA,GPI,_Z,_Z,_T,Y_GE25,_T,INST_T,L4T8,_Z,_T,_T,_T,_T,_Z,_Z,_Z,_Z,W00,W00,_Z,HN,2018,1.07270,0,A,A,5
EA,GPI,_Z,_Z,_T,Y_GE25,_T,INST_T,L4T8,_Z,_T,_T,_T,_T,_Z,_Z,_Z,_Z,W00,W00,_Z,HR,2001,0.84341,0,A,A,5
EA,GPI,_Z,_Z,_T,Y_GE25,_T,INST_T,L4T8,_Z,_T,_T,_T,_T,_Z,_Z,_Z,_Z,W00,W00,_Z,HR,2011,1.00396,0,A,A,5
EA,GPI,_Z,_Z,_T,Y_GE25,_T,INST_T,L4T8,_Z,_T,_T,_T,_T,_Z,_Z,_Z,_Z,W00,W00,_Z,HU,2001,0.84284,0,A,A,5
EA,GPI,_Z,_Z,_T,Y_GE25,_T,INST_T,L4T8,_Z,_T,_T,_T,_T,_Z,_Z,_Z,_Z,W00,W00,_Z,HU,2005,0.90256,0,A,A,5
EA,GPI,_Z,_Z,_T,Y_GE25,_T,INST_T,L4T8,_Z,_T,_T,_T,_T,_Z,_Z,_Z,_Z,W00,W00,_Z,HU,2009,1.14605,0,A,A,5
EA,GPI,_Z,_Z,_T,Y_GE25,_T,INST_T,L4T8,_Z,_T,_T,_T,_T,_Z,_Z,_Z,_Z,W00,W00,_Z,HU,2010,1.15868,0,A,A,5
EA,GPI,_Z,_Z,_T,Y_GE25,_T,INST_T,L4T8,_Z,_T,_T,_T,_T,_Z,_Z,_Z,_Z,W00,W00,_Z,HU,2011,1.13087,0,A,A,5
EA,GPI,_Z,_Z,_T,Y_GE25,_T,INST_T,L4T8,_Z,_T,_T,_T,_T,_Z,_Z,_Z,_Z,W00,W00,_Z,HU,2012,1.16461,0,A,A,5
EA,GPI,_Z,_Z,_T,Y_GE25,_T,INST_T,L4T8,_Z,_T,_T,_T,_T,_Z,_Z,_Z,_Z,W00,W00,_Z,HU,2013,1.11406,0,A,A,5
EA,GPI,_Z,_Z,_T,Y_GE25,_T,INST_T,L4T8,_Z,_T,_T,_T,_T,_Z,_Z,_Z,_Z,W00,W00,_Z,HU,2014,1.04188,0,A,A,5
EA,GPI,_Z,_Z,_T,Y_GE25,_T,INST_T,L4T8,_Z,_T,_T,_T,_T,_Z,_Z,_Z,_Z,W00,W00,_Z,HU,2015,1.02465,0,A,A,5
EA,GPI,_Z,_Z,_T,Y_GE25,_T,INST_T,L4T8,_Z,_T,_T,_T,_T,_Z,_Z,_Z,_Z,W00,W00,_Z,HU,2016,1.02940,0,A,A,5
EA,GPI,_Z,_Z,_T,Y_GE25,_T,INST_T,L4T8,_Z,_T,_T,_T,_T,_Z,_Z,_Z,_Z,W00,W00,_Z,ID,2006,1.22811,0,A,A,5
EA,GPI,_Z,_Z,_T,Y_GE25,_T,INST_T,L4T8,_Z,_T,_T,_T,_T,_Z,_Z,_Z,_Z,W00,W00,_Z,ID,2007,0.78328,0,A,A,5
EA,GPI,_Z,_Z,_T,Y_GE25,_T,INST_T,L4T8,_Z,_T,_T,_T,_T,_Z,_Z,_Z,_Z,W00,W00,_Z,ID,2008,0.83193,0,A,A,5
EA,GPI,_Z,_Z,_T,Y_GE25,_T,INST_T,L4T8,_Z,_T,_T,_T,_T,_Z,_Z,_Z,_Z,W00,W00,_Z,ID,2009,0.84823,0,A,A,5
EA,GPI,_Z,_Z,_T,Y_GE25,_T,INST_T,L4T8,_Z,_T,_T,_T,_T,_Z,_Z,_Z,_Z,W00,W00,_Z,ID,2011,0.91393,0,A,A,5
EA,GPI,_Z,_Z,_T,Y_GE25,_T,INST_T,L4T8,_Z,_T,_T,_T,_T,_Z,_Z,_Z,_Z,W00,W00,_Z,ID,2014,0.96022,0,A,A,5
EA,GPI,_Z,_Z,_T,Y_GE25,_T,INST_T,L4T8,_Z,_T,_T,_T,_T,_Z,_Z,_Z,_Z,W00,W00,_Z,ID,2015,0.92694,0,A,A,5
EA,GPI,_Z,_Z,_T,Y_GE25,_T,INST_T,L4T8,_Z,_T,_T,_T,_T,_Z,_Z,_Z,_Z,W00,W00,_Z,ID,2016,0.94995,0,A,A,5
EA,GPI,_Z,_Z,_T,Y_GE25,_T,INST_T,L4T8,_Z,_T,_T,_T,_T,_Z,_Z,_Z,_Z,W00,W00,_Z,ID,2018,0.98404,0,A,A,5
EA,GPI,_Z,_Z,_T,Y_GE25,_T,INST_T,L4T8,_Z,_T,_T,_T,_T,_Z,_Z,_Z,_Z,W00,W00,_Z,IE,2007,1.31116,0,A,A,5
EA,GPI,_Z,_Z,_T,Y_GE25,_T,INST_T,L4T8,_Z,_T,_T,_T,_T,_Z,_Z,_Z,_Z,W00,W00,_Z,IE,2010,1.06065,0,A,A,5
EA,GPI,_Z,_Z,_T,Y_GE25,_T,INST_T,L4T8,_Z,_T,_T,_T,_T,_Z,_Z,_Z,_Z,W00,W00,_Z,IE,2011,1.02655,0,A,A,5
EA,GPI,_Z,_Z,_T,Y_GE25,_T,INST_T,L4T8,_Z,_T,_T,_T,_T,_Z,_Z,_Z,_Z,W00,W00,_Z,IE,2017,1.04645,0,A,A,5
EA,GPI,_Z,_Z,_T,Y_GE25,_T,INST_T,L4T8,_Z,_T,_T,_T,_T,_Z,_Z,_Z,_Z,W00,W00,_Z,IL,2004,0.57522,0,A,A,5
EA,GPI,_Z,_Z,_T,Y_GE25,_T,INST_T,L4T8,_Z,_T,_T,_T,_T,_Z,_Z,_Z,_Z,W00,W00,_Z,IL,2006,1.07800,0,A,A,5
EA,GPI,_Z,_Z,_T,Y_GE25,_T,INST_T,L4T8,_Z,_T,_T,_T,_T,_Z,_Z,_Z,_Z,W00,W00,_Z,IL,2007,1.10636,0,A,A,5
EA,GPI,_Z,_Z,_T,Y_GE25,_T,INST_T,L4T8,_Z,_T,_T,_T,_T,_Z,_Z,_Z,_Z,W00,W00,_Z,IL,2009,1.12836,0,A,A,5
EA,GPI,_Z,_Z,_T,Y_GE25,_T,INST_T,L4T8,_Z,_T,_T,_T,_T,_Z,_Z,_Z,_Z,W00,W00,_Z,IL,2010,1.13188,0,A,A,5
EA,GPI,_Z,_Z,_T,Y_GE25,_T,INST_T,L4T8,_Z,_T,_T,_T,_T,_Z,_Z,_Z,_Z,W00,W00,_Z,IL,2011,1.10211,0,A,A,5
EA,GPI,_Z,_Z,_T,Y_GE25,_T,INST_T,L4T8,_Z,_T,_T,_T,_T,_Z,_Z,_Z,_Z,W00,W00,_Z,IL,2012,1.14552,0,A,A,5
EA,GPI,_Z,_Z,_T,Y_GE25,_T,INST_T,L4T8,_Z,_T,_T,_T,_T,_Z,_Z,_Z,_Z,W00,W00,_Z,IL,2013,1.14657,0,A,A,5
EA,GPI,_Z,_Z,_T,Y_GE25,_T,INST_T,L4T8,_Z,_T,_T,_T,_T,_Z,_Z,_Z,_Z,W00,W00,_Z,IL,2014,1.15237,0,A,A,5
EA,GPI,_Z,_Z,_T,Y_GE25,_T,INST_T,L4T8,_Z,_T,_T,_T,_T,_Z,_Z,_Z,_Z,W00,W00,_Z,IL,2015,1.13592,0,A,A,5
EA,GPI,_Z,_Z,_T,Y_GE25,_T,INST_T,L4T8,_Z,_T,_T,_T,_T,_Z,_Z,_Z,_Z,W00,W00,_Z,IN,2011,0.56107,0,A,A,5
EA,GPI,_Z,_Z,_T,Y_GE25,_T,INST_T,L4T8,_Z,_T,_T,_T,_T,_Z,_Z,_Z,_Z,W00,W00,_Z,IQ,2013,0.72602,0,A,A,5
EA,GPI,_Z,_Z,_T,Y_GE25,_T,INST_T,L4T8,_Z,_T,_T,_T,_T,_Z,_Z,_Z,_Z,W00,W00,_Z,IR,2006,0.84366,0,A,A,5
EA,GPI,_Z,_Z,_T,Y_GE25,_T,INST_T,L4T8,_Z,_T,_T,_T,_T,_Z,_Z,_Z,_Z,W00,W00,_Z,IR,2008,0.83978,0,A,A,5
EA,GPI,_Z,_Z,_T,Y_GE25,_T,INST_T,L4T8,_Z,_T,_T,_T,_T,_Z,_Z,_Z,_Z,W00,W00,_Z,IR,2010,0.90227,0,A,A,5
EA,GPI,_Z,_Z,_T,Y_GE25,_T,INST_T,L4T8,_Z,_T,_T,_T,_T,_Z,_Z,_Z,_Z,W00,W00,_Z,IR,2012,0.87191,0,A,A,5
EA,GPI,_Z,_Z,_T,Y_GE25,_T,INST_T,L4T8,_Z,_T,_T,_T,_T,_Z,_Z,_Z,_Z,W00,W00,_Z,IR,2013,0.93747,0,A,A,5
EA,GPI,_Z,_Z,_T,Y_GE25,_T,INST_T,L4T8,_Z,_T,_T,_T,_T,_Z,_Z,_Z,_Z,W00,W00,_Z,IR,2014,0.94865,0,A,A,5
EA,GPI,_Z,_Z,_T,Y_GE25,_T,INST_T,L4T8,_Z,_T,_T,_T,_T,_Z,_Z,_Z,_Z,W00,W00,_Z,IR,2016,0.98593,0,A,A,5
EA,GPI,_Z,_Z,_T,Y_GE25,_T,INST_T,L4T8,_Z,_T,_T,_T,_T,_Z,_Z,_Z,_Z,W00,W00,_Z,IS,2005,1.05651,0,A,A,5
EA,GPI,_Z,_Z,_T,Y_GE25,_T,INST_T,L4T8,_Z,_T,_T,_T,_T,_Z,_Z,_Z,_Z,W00,W00,_Z,IT,2001,0.94317,0,A,A,5
EA,GPI,_Z,_Z,_T,Y_GE25,_T,INST_T,L4T8,_Z,_T,_T,_T,_T,_Z,_Z,_Z,_Z,W00,W00,_Z,IT,2005,0.98704,0,A,A,5
EA,GPI,_Z,_Z,_T,Y_GE25,_T,INST_T,L4T8,_Z,_T,_T,_T,_T,_Z,_Z,_Z,_Z,W00,W00,_Z,IT,2006,1.01952,0,A,A,5
EA,GPI,_Z,_Z,_T,Y_GE25,_T,INST_T,L4T8,_Z,_T,_T,_T,_T,_Z,_Z,_Z,_Z,W00,W00,_Z,IT,2007,1.04775,0,A,A,5
EA,GPI,_Z,_Z,_T,Y_GE25,_T,INST_T,L4T8,_Z,_T,_T,_T,_T,_Z,_Z,_Z,_Z,W00,W00,_Z,IT,2008,1.07271,0,A,A,5
EA,GPI,_Z,_Z,_T,Y_GE25,_T,INST_T,L4T8,_Z,_T,_T,_T,_T,_Z,_Z,_Z,_Z,W00,W00,_Z,IT,2009,1.07924,0,A,A,5
EA,GPI,_Z,_Z,_T,Y_GE25,_T,INST_T,L4T8,_Z,_T,_T,_T,_T,_Z,_Z,_Z,_Z,W00,W00,_Z,IT,2010,1.08427,0,A,A,5
EA,GPI,_Z,_Z,_T,Y_GE25,_T,INST_T,L4T8,_Z,_T,_T,_T,_T,_Z,_Z,_Z,_Z,W00,W00,_Z,IT,2011,1.08266,0,A,A,5
EA,GPI,_Z,_Z,_T,Y_GE25,_T,INST_T,L4T8,_Z,_T,_T,_T,_T,_Z,_Z,_Z,_Z,W00,W00,_Z,IT,2012,1.10719,0,A,A,5
EA,GPI,_Z,_Z,_T,Y_GE25,_T,INST_T,L4T8,_Z,_T,_T,_T,_T,_Z,_Z,_Z,_Z,W00,W00,_Z,IT,2014,1.10781,0,A,A,5
EA,GPI,_Z,_Z,_T,Y_GE25,_T,INST_T,L4T8,_Z,_T,_T,_T,_T,_Z,_Z,_Z,_Z,W00,W00,_Z,IT,2015,1.13209,0,A,A,5
EA,GPI,_Z,_Z,_T,Y_GE25,_T,INST_T,L4T8,_Z,_T,_T,_T,_T,_Z,_Z,_Z,_Z,W00,W00,_Z,JM,2011,1.78807,0,A,A,5
EA,GPI,_Z,_Z,_T,Y_GE25,_T,INST_T,L4T8,_Z,_T,_T,_T,_T,_Z,_Z,_Z,_Z,W00,W00,_Z,JO,2007,0.65140,0,A,A,5
EA,GPI,_Z,_Z,_T,Y_GE25,_T,INST_T,L4T8,_Z,_T,_T,_T,_T,_Z,_Z,_Z,_Z,W00,W00,_Z,JO,2008,0.90092,0,A,A,5
EA,GPI,_Z,_Z,_T,Y_GE25,_T,INST_T,L4T8,_Z,_T,_T,_T,_T,_Z,_Z,_Z,_Z,W00,W00,_Z,JO,2010,0.90520,0,A,A,5
EA,GPI,_Z,_Z,_T,Y_GE25,_T,INST_T,L4T8,_Z,_T,_T,_T,_T,_Z,_Z,_Z,_Z,W00,W00,_Z,JP,2010,0.85100,0,A,A,5
EA,GPI,_Z,_Z,_T,Y_GE25,_T,INST_T,L4T8,_Z,_T,_T,_T,_T,_Z,_Z,_Z,_Z,W00,W00,_Z,KE,2009,0.68911,0,A,A,5
EA,GPI,_Z,_Z,_T,Y_GE25,_T,INST_T,L4T8,_Z,_T,_T,_T,_T,_Z,_Z,_Z,_Z,W00,W00,_Z,KE,2010,0.75161,0,A,A,5
EA,GPI,_Z,_Z,_T,Y_GE25,_T,INST_T,L4T8,_Z,_T,_T,_T,_T,_Z,_Z,_Z,_Z,W00,W00,_Z,KG,2009,1.32574,0,A,A,5
EA,GPI,_Z,_Z,_T,Y_GE25,_T,INST_T,L4T8,_Z,_T,_T,_T,_T,_Z,_Z,_Z,_Z,W00,W00,_Z,KH,2007,0.34451,0,A,A,5
EA,GPI,_Z,_Z,_T,Y_GE25,_T,INST_T,L4T8,_Z,_T,_T,_T,_T,_Z,_Z,_Z,_Z,W00,W00,_Z,KH,2008,0.30833,0,A,A,5
EA,GPI,_Z,_Z,_T,Y_GE25,_T,INST_T,L4T8,_Z,_T,_T,_T,_T,_Z,_Z,_Z,_Z,W00,W00,_Z,KH,2009,0.28954,0,A,A,5
EA,GPI,_Z,_Z,_T,Y_GE25,_T,INST_T,L4T8,_Z,_T,_T,_T,_T,_Z,_Z,_Z,_Z,W00,W00,_Z,KH,2014,0.39129,0,A,A,5
EA,GPI,_Z,_Z,_T,Y_GE25,_T,INST_T,L4T8,_Z,_T,_T,_T,_T,_Z,_Z,_Z,_Z,W00,W00,_Z,KH,2015,0.27373,0,A,A,5
EA,GPI,_Z,_Z,_T,Y_GE25,_T,INST_T,L4T8,_Z,_T,_T,_T,_T,_Z,_Z,_Z,_Z,W00,W00,_Z,KR,2005,0.65333,0,A,A,5
EA,GPI,_Z,_Z,_T,Y_GE25,_T,INST_T,L4T8,_Z,_T,_T,_T,_T,_Z,_Z,_Z,_Z,W00,W00,_Z,KR,2009,0.69404,0,A,A,5
EA,GPI,_Z,_Z,_T,Y_GE25,_T,INST_T,L4T8,_Z,_T,_T,_T,_T,_Z,_Z,_Z,_Z,W00,W00,_Z,KR,2010,0.73797,0,A,A,5
EA,GPI,_Z,_Z,_T,Y_GE25,_T,INST_T,L4T8,_Z,_T,_T,_T,_T,_Z,_Z,_Z,_Z,W00,W00,_Z,KR,2015,0.79036,0,A,A,5
EA,GPI,_Z,_Z,_T,Y_GE25,_T,INST_T,L4T8,_Z,_T,_T,_T,_T,_Z,_Z,_Z,_Z,W00,W00,_Z,KW,2005,1.59553,0,A,A,5
EA,GPI,_Z,_Z,_T,Y_GE25,_T,INST_T,L4T8,_Z,_T,_T,_T,_T,_Z,_Z,_Z,_Z,W00,W00,_Z,KW,2006,1.67073,0,A,A,5
EA,GPI,_Z,_Z,_T,Y_GE25,_T,INST_T,L4T8,_Z,_T,_T,_T,_T,_Z,_Z,_Z,_Z,W00,W00,_Z,KW,2007,1.63852,0,A,A,5
EA,GPI,_Z,_Z,_T,Y_GE25,_T,INST_T,L4T8,_Z,_T,_T,_T,_T,_Z,_Z,_Z,_Z,W00,W00,_Z,KW,2008,1.67522,0,A,A,5
EA,GPI,_Z,_Z,_T,Y_GE25,_T,INST_T,L4T8,_Z,_T,_T,_T,_T,_Z,_Z,_Z,_Z,W00,W00,_Z,KW,2012,1.41877,0,A,A,5
EA,GPI,_Z,_Z,_T,Y_GE25,_T,INST_T,L4T8,_Z,_T,_T,_T,_T,_Z,_Z,_Z,_Z,W00,W00,_Z,KW,2013,1.51513,0,A,A,5
EA,GPI,_Z,_Z,_T,Y_GE25,_T,INST_T,L4T8,_Z,_T,_T,_T,_T,_Z,_Z,_Z,_Z,W00,W00,_Z,KW,2015,1.67006,0,A,A,5
EA,GPI,_Z,_Z,_T,Y_GE25,_T,INST_T,L4T8,_Z,_T,_T,_T,_T,_Z,_Z,_Z,_Z,W00,W00,_Z,KW,2017,1.75425,0,A,A,5
EA,GPI,_Z,_Z,_T,Y_GE25,_T,INST_T,L4T8,_Z,_T,_T,_T,_T,_Z,_Z,_Z,_Z,W00,W00,_Z,KW,2018,1.70758,0,A,A,5
EA,GPI,_Z,_Z,_T,Y_GE25,_T,INST_T,L4T8,_Z,_T,_T,_T,_T,_Z,_Z,_Z,_Z,W00,W00,_Z,KY,2004,1.01139,0,A,A,5
EA,GPI,_Z,_Z,_T,Y_GE25,_T,INST_T,L4T8,_Z,_T,_T,_T,_T,_Z,_Z,_Z,_Z,W00,W00,_Z,KY,2005,1.06624,0,A,A,5
EA,GPI,_Z,_Z,_T,Y_GE25,_T,INST_T,L4T8,_Z,_T,_T,_T,_T,_Z,_Z,_Z,_Z,W00,W00,_Z,KY,2006,0.95712,0,A,A,5
EA,GPI,_Z,_Z,_T,Y_GE25,_T,INST_T,L4T8,_Z,_T,_T,_T,_T,_Z,_Z,_Z,_Z,W00,W00,_Z,KY,2007,1.03058,0,A,A,5
EA,GPI,_Z,_Z,_T,Y_GE25,_T,INST_T,L4T8,_Z,_T,_T,_T,_T,_Z,_Z,_Z,_Z,W00,W00,_Z,KY,2008,1.11486,0,A,A,5
EA,GPI,_Z,_Z,_T,Y_GE25,_T,INST_T,L4T8,_Z,_T,_T,_T,_T,_Z,_Z,_Z,_Z,W00,W00,_Z,KY,2014,0.99016,0,A,A,5
EA,GPI,_Z,_Z,_T,Y_GE25,_T,INST_T,L4T8,_Z,_T,_T,_T,_T,_Z,_Z,_Z,_Z,W00,W00,_Z,KY,2015,1.03108,0,A,A,5
EA,GPI,_Z,_Z,_T,Y_GE25,_T,INST_T,L4T8,_Z,_T,_T,_T,_T,_Z,_Z,_Z,_Z,W00,W00,_Z,KZ,2007,1.15850,0,A,A,5
EA,GPI,_Z,_Z,_T,Y_GE25,_T,INST_T,L4T8,_Z,_T,_T,_T,_T,_Z,_Z,_Z,_Z,W00,W00,_Z,KZ,2009,1.08170,0,A,A,5
EA,GPI,_Z,_Z,_T,Y_GE25,_T,INST_T,L4T8,_Z,_T,_T,_T,_T,_Z,_Z,_Z,_Z,W00,W00,_Z,LB,2007,0.86234,0,A,A,5
EA,GPI,_Z,_Z,_T,Y_GE25,_T,INST_T,L4T8,_Z,_T,_T,_T,_T,_Z,_Z,_Z,_Z,W00,W00,_Z,LC,2010,1.25533,0,A,A,5
EA,GPI,_Z,_Z,_T,Y_GE25,_T,INST_T,L4T8,_Z,_T,_T,_T,_T,_Z,_Z,_Z,_Z,W00,W00,_Z,LC,2013,1.26400,0,A,A,5
EA,GPI,_Z,_Z,_T,Y_GE25,_T,INST_T,L4T8,_Z,_T,_T,_T,_T,_Z,_Z,_Z,_Z,W00,W00,_Z,LI,2000,0.34068,0,A,A,5
EA,GPI,_Z,_Z,_T,Y_GE25,_T,INST_T,L4T8,_Z,_T,_T,_T,_T,_Z,_Z,_Z,_Z,W00,W00,_Z,LK,2001,1.02559,0,A,A,5
EA,GPI,_Z,_Z,_T,Y_GE25,_T,INST_T,L4T8,_Z,_T,_T,_T,_T,_Z,_Z,_Z,_Z,W00,W00,_Z,LK,2008,1.03691,0,A,A,5
EA,GPI,_Z,_Z,_T,Y_GE25,_T,INST_T,L4T8,_Z,_T,_T,_T,_T,_Z,_Z,_Z,_Z,W00,W00,_Z,LK,2009,1.04011,0,A,A,5
EA,GPI,_Z,_Z,_T,Y_GE25,_T,INST_T,L4T8,_Z,_T,_T,_T,_T,_Z,_Z,_Z,_Z,W00,W00,_Z,LS,2006,0.80930,0,A,A,5
EA,GPI,_Z,_Z,_T,Y_GE25,_T,INST_T,L4T8,_Z,_T,_T,_T,_T,_Z,_Z,_Z,_Z,W00,W00,_Z,LS,2008,1.11510,0,A,A,5
EA,GPI,_Z,_Z,_T,Y_GE25,_T,INST_T,L4T8,_Z,_T,_T,_T,_T,_Z,_Z,_Z,_Z,W00,W00,_Z,LT,2005,1.13180,0,A,A,5
EA,GPI,_Z,_Z,_T,Y_GE25,_T,INST_T,L4T8,_Z,_T,_T,_T,_T,_Z,_Z,_Z,_Z,W00,W00,_Z,LT,2006,1.17419,0,A,A,5
EA,GPI,_Z,_Z,_T,Y_GE25,_T,INST_T,L4T8,_Z,_T,_T,_T,_T,_Z,_Z,_Z,_Z,W00,W00,_Z,LT,2007,1.14347,0,A,A,5
EA,GPI,_Z,_Z,_T,Y_GE25,_T,INST_T,L4T8,_Z,_T,_T,_T,_T,_Z,_Z,_Z,_Z,W00,W00,_Z,LT,2008,1.13993,0,A,A,5
EA,GPI,_Z,_Z,_T,Y_GE25,_T,INST_T,L4T8,_Z,_T,_T,_T,_T,_Z,_Z,_Z,_Z,W00,W00,_Z,LT,2009,1.18864,0,A,A,5
EA,GPI,_Z,_Z,_T,Y_GE25,_T,INST_T,L4T8,_Z,_T,_T,_T,_T,_Z,_Z,_Z,_Z,W00,W00,_Z,LT,2010,1.20034,0,A,A,5
EA,GPI,_Z,_Z,_T,Y_GE25,_T,INST_T,L4T8,_Z,_T,_T,_T,_T,_Z,_Z,_Z,_Z,W00,W00,_Z,LT,2011,1.20217,0,A,A,5
EA,GPI,_Z,_Z,_T,Y_GE25,_T,INST_T,L4T8,_Z,_T,_T,_T,_T,_Z,_Z,_Z,_Z,W00,W00,_Z,LT,2012,1.21606,0,A,A,5
EA,GPI,_Z,_Z,_T,Y_GE25,_T,INST_T,L4T8,_Z,_T,_T,_T,_T,_Z,_Z,_Z,_Z,W00,W00,_Z,LT,2013,1.23715,0,A,A,5
EA,GPI,_Z,_Z,_T,Y_GE25,_T,INST_T,L4T8,_Z,_T,_T,_T,_T,_Z,_Z,_Z,_Z,W00,W00,_Z,LT,2014,1.22658,0,A,A,5
EA,GPI,_Z,_Z,_T,Y_GE25,_T,INST_T,L4T8,_Z,_T,_T,_T,_T,_Z,_Z,_Z,_Z,W00,W00,_Z,LT,2015,1.21720,0,A,A,5
EA,GPI,_Z,_Z,_T,Y_GE25,_T,INST_T,L4T8,_Z,_T,_T,_T,_T,_Z,_Z,_Z,_Z,W00,W00,_Z,LT,2016,1.19596,0,A,A,5
EA,GPI,_Z,_Z,_T,Y_GE25,_T,INST_T,L4T8,_Z,_T,_T,_T,_T,_Z,_Z,_Z,_Z,W00,W00,_Z,LT,2017,1.17182,0,A,A,5
EA,GPI,_Z,_Z,_T,Y_GE25,_T,INST_T,L4T8,_Z,_T,_T,_T,_T,_Z,_Z,_Z,_Z,W00,W00,_Z,LU,2001,1.26857,0,A,A,5
EA,GPI,_Z,_Z,_T,Y_GE25,_T,INST_T,L4T8,_Z,_T,_T,_T,_T,_Z,_Z,_Z,_Z,W00,W00,_Z,LU,2007,0.79207,0,A,A,5
EA,GPI,_Z,_Z,_T,Y_GE25,_T,INST_T,L4T8,_Z,_T,_T,_T,_T,_Z,_Z,_Z,_Z,W00,W00,_Z,LU,2015,0.97477,0,A,A,5
EA,GPI,_Z,_Z,_T,Y_GE25,_T,INST_T,L4T8,_Z,_T,_T,_T,_T,_Z,_Z,_Z,_Z,W00,W00,_Z,LV,2004,1.34816,0,A,A,5
EA,GPI,_Z,_Z,_T,Y_GE25,_T,INST_T,L4T8,_Z,_T,_T,_T,_T,_Z,_Z,_Z,_Z,W00,W00,_Z,LV,2005,1.38274,0,A,A,5
EA,GPI,_Z,_Z,_T,Y_GE25,_T,INST_T,L4T8,_Z,_T,_T,_T,_T,_Z,_Z,_Z,_Z,W00,W00,_Z,LV,2006,1.72516,0,A,A,5
EA,GPI,_Z,_Z,_T,Y_GE25,_T,INST_T,L4T8,_Z,_T,_T,_T,_T,_Z,_Z,_Z,_Z,W00,W00,_Z,LV,2007,1.41746,0,A,A,5
EA,GPI,_Z,_Z,_T,Y_GE25,_T,INST_T,L4T8,_Z,_T,_T,_T,_T,_Z,_Z,_Z,_Z,W00,W00,_Z,LV,2008,1.46534,0,A,A,5
EA,GPI,_Z,_Z,_T,Y_GE25,_T,INST_T,L4T8,_Z,_T,_T,_T,_T,_Z,_Z,_Z,_Z,W00,W00,_Z,LV,2009,1.49380,0,A,A,5
EA,GPI,_Z,_Z,_T,Y_GE25,_T,INST_T,L4T8,_Z,_T,_T,_T,_T,_Z,_Z,_Z,_Z,W00,W00,_Z,LV,2010,1.49639,0,A,A,5
EA,GPI,_Z,_Z,_T,Y_GE25,_T,INST_T,L4T8,_Z,_T,_T,_T,_T,_Z,_Z,_Z,_Z,W00,W00,_Z,LV,2011,1.53175,0,A,A,5
EA,GPI,_Z,_Z,_T,Y_GE25,_T,INST_T,L4T8,_Z,_T,_T,_T,_T,_Z,_Z,_Z,_Z,W00,W00,_Z,LV,2012,1.54396,0,A,A,5
EA,GPI,_Z,_Z,_T,Y_GE25,_T,INST_T,L4T8,_Z,_T,_T,_T,_T,_Z,_Z,_Z,_Z,W00,W00,_Z,LV,2013,1.51798,0,A,A,5
EA,GPI,_Z,_Z,_T,Y_GE25,_T,INST_T,L4T8,_Z,_T,_T,_T,_T,_Z,_Z,_Z,_Z,W00,W00,_Z,LV,2014,1.57296,0,A,A,5
EA,GPI,_Z,_Z,_T,Y_GE25,_T,INST_T,L4T8,_Z,_T,_T,_T,_T,_Z,_Z,_Z,_Z,W00,W00,_Z,LV,2015,1.65104,0,A,A,5
EA,GPI,_Z,_Z,_T,Y_GE25,_T,INST_T,L4T8,_Z,_T,_T,_T,_T,_Z,_Z,_Z,_Z,W00,W00,_Z,LV,2016,1.61192,0,A,A,5
EA,GPI,_Z,_Z,_T,Y_GE25,_T,INST_T,L4T8,_Z,_T,_T,_T,_T,_Z,_Z,_Z,_Z,W00,W00,_Z,LV,2018,1.47105,0,A,A,5
EA,GPI,_Z,_Z,_T,Y_GE25,_T,INST_T,L4T8,_Z,_T,_T,_T,_T,_Z,_Z,_Z,_Z,W00,W00,_Z,MD,2007,1.24811,0,A,A,5
EA,GPI,_Z,_Z,_T,Y_GE25,_T,INST_T,L4T8,_Z,_T,_T,_T,_T,_Z,_Z,_Z,_Z,W00,W00,_Z,MD,2008,1.26491,0,A,A,5
EA,GPI,_Z,_Z,_T,Y_GE25,_T,INST_T,L4T8,_Z,_T,_T,_T,_T,_Z,_Z,_Z,_Z,W00,W00,_Z,MD,2009,1.28940,0,A,A,5
EA,GPI,_Z,_Z,_T,Y_GE25,_T,INST_T,L4T8,_Z,_T,_T,_T,_T,_Z,_Z,_Z,_Z,W00,W00,_Z,MD,2010,1.29838,0,A,A,5
EA,GPI,_Z,_Z,_T,Y_GE25,_T,INST_T,L4T8,_Z,_T,_T,_T,_T,_Z,_Z,_Z,_Z,W00,W00,_Z,MD,2011,1.28240,0,A,A,5
EA,GPI,_Z,_Z,_T,Y_GE25,_T,INST_T,L4T8,_Z,_T,_T,_T,_T,_Z,_Z,_Z,_Z,W00,W00,_Z,MD,2012,0.87650,0,A,A,5
EA,GPI,_Z,_Z,_T,Y_GE25,_T,INST_T,L4T8,_Z,_T,_T,_T,_T,_Z,_Z,_Z,_Z,W00,W00,_Z,ME,2003,0.67753,0,A,A,5
EA,GPI,_Z,_Z,_T,Y_GE25,_T,INST_T,L4T8,_Z,_T,_T,_T,_T,_Z,_Z,_Z,_Z,W00,W00,_Z,ME,2011,0.83012,0,A,A,5
EA,GPI,_Z,_Z,_T,Y_GE25,_T,INST_T,L4T8,_Z,_T,_T,_T,_T,_Z,_Z,_Z,_Z,W00,W00,_Z,MH,2011,0.68505,0,A,A,5
EA,GPI,_Z,_Z,_T,Y_GE25,_T,INST_T,L4T8,_Z,_T,_T,_T,_T,_Z,_Z,_Z,_Z,W00,W00,_Z,MK,2002,0.77909,0,A,A,5
EA,GPI,_Z,_Z,_T,Y_GE25,_T,INST_T,L4T8,_Z,_T,_T,_T,_T,_Z,_Z,_Z,_Z,W00,W00,_Z,ML,2006,2.15144,0,A,A,5
EA,GPI,_Z,_Z,_T,Y_GE25,_T,INST_T,L4T8,_Z,_T,_T,_T,_T,_Z,_Z,_Z,_Z,W00,W00,_Z,ML,2011,0.33330,0,A,A,5
EA,GPI,_Z,_Z,_T,Y_GE25,_T,INST_T,L4T8,_Z,_T,_T,_T,_T,_Z,_Z,_Z,_Z,W00,W00,_Z,ML,2015,0.25979,0,A,A,5
EA,GPI,_Z,_Z,_T,Y_GE25,_T,INST_T,L4T8,_Z,_T,_T,_T,_T,_Z,_Z,_Z,_Z,W00,W00,_Z,ML,2016,0.41652,0,A,A,5
EA,GPI,_Z,_Z,_T,Y_GE25,_T,INST_T,L4T8,_Z,_T,_T,_T,_T,_Z,_Z,_Z,_Z,W00,W00,_Z,ML,2018,0.39292,0,A,A,5
EA,GPI,_Z,_Z,_T,Y_GE25,_T,INST_T,L4T8,_Z,_T,_T,_T,_T,_Z,_Z,_Z,_Z,W00,W00,_Z,MN,2000,1.12589,0,A,A,5
EA,GPI,_Z,_Z,_T,Y_GE25,_T,INST_T,L4T8,_Z,_T,_T,_T,_T,_Z,_Z,_Z,_Z,W00,W00,_Z,MN,2010,1.30763,0,A,A,5
EA,GPI,_Z,_Z,_T,Y_GE25,_T,INST_T,L4T8,_Z,_T,_T,_T,_T,_Z,_Z,_Z,_Z,W00,W00,_Z,MO,2001,0.81010,0,A,A,5
EA,GPI,_Z,_Z,_T,Y_GE25,_T,INST_T,L4T8,_Z,_T,_T,_T,_T,_Z,_Z,_Z,_Z,W00,W00,_Z,MO,2006,0.89535,0,A,A,5
EA,GPI,_Z,_Z,_T,Y_GE25,_T,INST_T,L4T8,_Z,_T,_T,_T,_T,_Z,_Z,_Z,_Z,W00,W00,_Z,MO,2011,0.91211,0,A,A,5
EA,GPI,_Z,_Z,_T,Y_GE25,_T,INST_T,L4T8,_Z,_T,_T,_T,_T,_Z,_Z,_Z,_Z,W00,W00,_Z,MO,2016,0.97474,0,A,A,5
EA,GPI,_Z,_Z,_T,Y_GE25,_T,INST_T,L4T8,_Z,_T,_T,_T,_T,_Z,_Z,_Z,_Z,W00,W00,_Z,MT,2000,0.63278,0,A,A,5
EA,GPI,_Z,_Z,_T,Y_GE25,_T,INST_T,L4T8,_Z,_T,_T,_T,_T,_Z,_Z,_Z,_Z,W00,W00,_Z,MT,2005,0.67470,0,A,A,5
EA,GPI,_Z,_Z,_T,Y_GE25,_T,INST_T,L4T8,_Z,_T,_T,_T,_T,_Z,_Z,_Z,_Z,W00,W00,_Z,MT,2007,0.59805,0,A,A,5
EA,GPI,_Z,_Z,_T,Y_GE25,_T,INST_T,L4T8,_Z,_T,_T,_T,_T,_Z,_Z,_Z,_Z,W00,W00,_Z,MT,2010,0.68499,0,A,A,5
EA,GPI,_Z,_Z,_T,Y_GE25,_T,INST_T,L4T8,_Z,_T,_T,_T,_T,_Z,_Z,_Z,_Z,W00,W00,_Z,MT,2011,0.66295,0,A,A,5
EA,GPI,_Z,_Z,_T,Y_GE25,_T,INST_T,L4T8,_Z,_T,_T,_T,_T,_Z,_Z,_Z,_Z,W00,W00,_Z,MT,2012,0.70178,0,A,A,5
EA,GPI,_Z,_Z,_T,Y_GE25,_T,INST_T,L4T8,_Z,_T,_T,_T,_T,_Z,_Z,_Z,_Z,W00,W00,_Z,MT,2013,0.73847,0,A,A,5
EA,GPI,_Z,_Z,_T,Y_GE25,_T,INST_T,L4T8,_Z,_T,_T,_T,_T,_Z,_Z,_Z,_Z,W00,W00,_Z,MT,2014,0.75205,0,A,A,5
EA,GPI,_Z,_Z,_T,Y_GE25,_T,INST_T,L4T8,_Z,_T,_T,_T,_T,_Z,_Z,_Z,_Z,W00,W00,_Z,MT,2015,0.80135,0,A,A,5
EA,GPI,_Z,_Z,_T,Y_GE25,_T,INST_T,L4T8,_Z,_T,_T,_T,_T,_Z,_Z,_Z,_Z,W00,W00,_Z,MT,2016,0.80177,0,A,A,5
EA,GPI,_Z,_Z,_T,Y_GE25,_T,INST_T,L4T8,_Z,_T,_T,_T,_T,_Z,_Z,_Z,_Z,W00,W00,_Z,MT,2018,0.85071,0,A,A,5
EA,GPI,_Z,_Z,_T,Y_GE25,_T,INST_T,L4T8,_Z,_T,_T,_T,_T,_Z,_Z,_Z,_Z,W00,W00,_Z,MU,2000,0.63278,0,A,A,5
EA,GPI,_Z,_Z,_T,Y_GE25,_T,INST_T,L4T8,_Z,_T,_T,_T,_T,_Z,_Z,_Z,_Z,W00,W00,_Z,MU,2011,0.71215,0,A,A,5
EA,GPI,_Z,_Z,_T,Y_GE25,_T,INST_T,L4T8,_Z,_T,_T,_T,_T,_Z,_Z,_Z,_Z,W00,W00,_Z,MU,2018,1.53777,0,A,A,5
EA,GPI,_Z,_Z,_T,Y_GE25,_T,INST_T,L4T8,_Z,_T,_T,_T,_T,_Z,_Z,_Z,_Z,W00,W00,_Z,MV,2006,0.66573,0,A,A,5
EA,GPI,_Z,_Z,_T,Y_GE25,_T,INST_T,L4T8,_Z,_T,_T,_T,_T,_Z,_Z,_Z,_Z,W00,W00,_Z,MX,2000,0.65547,0,A,A,5
EA,GPI,_Z,_Z,_T,Y_GE25,_T,INST_T,L4T8,_Z,_T,_T,_T,_T,_Z,_Z,_Z,_Z,W00,W00,_Z,MX,2004,0.69542,0,A,A,5
EA,GPI,_Z,_Z,_T,Y_GE25,_T,INST_T,L4T8,_Z,_T,_T,_T,_T,_Z,_Z,_Z,_Z,W00,W00,_Z,MX,2005,0.77337,0,A,A,5
EA,GPI,_Z,_Z,_T,Y_GE25,_T,INST_T,L4T8,_Z,_T,_T,_T,_T,_Z,_Z,_Z,_Z,W00,W00,_Z,MX,2006,0.70321,0,A,A,5
EA,GPI,_Z,_Z,_T,Y_GE25,_T,INST_T,L4T8,_Z,_T,_T,_T,_T,_Z,_Z,_Z,_Z,W00,W00,_Z,MX,2007,0.69122,0,A,A,5
EA,GPI,_Z,_Z,_T,Y_GE25,_T,INST_T,L4T8,_Z,_T,_T,_T,_T,_Z,_Z,_Z,_Z,W00,W00,_Z,MX,2008,0.71338,0,A,A,5
EA,GPI,_Z,_Z,_T,Y_GE25,_T,INST_T,L4T8,_Z,_T,_T,_T,_T,_Z,_Z,_Z,_Z,W00,W00,_Z,MX,2009,0.72983,0,A,A,5
EA,GPI,_Z,_Z,_T,Y_GE25,_T,INST_T,L4T8,_Z,_T,_T,_T,_T,_Z,_Z,_Z,_Z,W00,W00,_Z,MX,2010,0.87926,0,A,A,5
EA,GPI,_Z,_Z,_T,Y_GE25,_T,INST_T,L4T8,_Z,_T,_T,_T,_T,_Z,_Z,_Z,_Z,W00,W00,_Z,MX,2012,0.77212,0,A,A,5
EA,GPI,_Z,_Z,_T,Y_GE25,_T,INST_T,L4T8,_Z,_T,_T,_T,_T,_Z,_Z,_Z,_Z,W00,W00,_Z,MX,2013,0.83299,0,A,A,5
EA,GPI,_Z,_Z,_T,Y_GE25,_T,INST_T,L4T8,_Z,_T,_T,_T,_T,_Z,_Z,_Z,_Z,W00,W00,_Z,MX,2014,0.85494,0,A,A,5
EA,GPI,_Z,_Z,_T,Y_GE25,_T,INST_T,L4T8,_Z,_T,_T,_T,_T,_Z,_Z,_Z,_Z,W00,W00,_Z,MX,2015,0.89175,0,A,A,5
EA,GPI,_Z,_Z,_T,Y_GE25,_T,INST_T,L4T8,_Z,_T,_T,_T,_T,_Z,_Z,_Z,_Z,W00,W00,_Z,MX,2016,0.85086,0,A,A,5
EA,GPI,_Z,_Z,_T,Y_GE25,_T,INST_T,L4T8,_Z,_T,_T,_T,_T,_Z,_Z,_Z,_Z,W00,W00,_Z,MX,2017,0.83501,0,A,A,5
EA,GPI,_Z,_Z,_T,Y_GE25,_T,INST_T,L4T8,_Z,_T,_T,_T,_T,_Z,_Z,_Z,_Z,W00,W00,_Z,MX,2018,0.86611,0,A,A,5
EA,GPI,_Z,_Z,_T,Y_GE25,_T,INST_T,L4T8,_Z,_T,_T,_T,_T,_Z,_Z,_Z,_Z,W00,W00,_Z,MY,2000,0.76932,0,A,A,5
EA,GPI,_Z,_Z,_T,Y_GE25,_T,INST_T,L4T8,_Z,_T,_T,_T,_T,_Z,_Z,_Z,_Z,W00,W00,_Z,MY,2005,0.90246,0,A,A,5
EA,GPI,_Z,_Z,_T,Y_GE25,_T,INST_T,L4T8,_Z,_T,_T,_T,_T,_Z,_Z,_Z,_Z,W00,W00,_Z,MY,2009,0.91342,0,A,A,5
EA,GPI,_Z,_Z,_T,Y_GE25,_T,INST_T,L4T8,_Z,_T,_T,_T,_T,_Z,_Z,_Z,_Z,W00,W00,_Z,MY,2010,0.92173,0,A,A,5
EA,GPI,_Z,_Z,_T,Y_GE25,_T,INST_T,L4T8,_Z,_T,_T,_T,_T,_Z,_Z,_Z,_Z,W00,W00,_Z,MY,2016,1.08067,0,A,A,5
EA,GPI,_Z,_Z,_T,Y_GE25,_T,INST_T,L4T8,_Z,_T,_T,_T,_T,_Z,_Z,_Z,_Z,W00,W00,_Z,MZ,2011,0.46557,0,A,A,5
EA,GPI,_Z,_Z,_T,Y_GE25,_T,INST_T,L4T8,_Z,_T,_T,_T,_T,_Z,_Z,_Z,_Z,W00,W00,_Z,MZ,2015,0.72300,0,A,A,5
EA,GPI,_Z,_Z,_T,Y_GE25,_T,INST_T,L4T8,_Z,_T,_T,_T,_T,_Z,_Z,_Z,_Z,W00,W00,_Z,MZ,2017,0.53816,0,A,A,5
EA,GPI,_Z,_Z,_T,Y_GE25,_T,INST_T,L4T8,_Z,_T,_T,_T,_T,_Z,_Z,_Z,_Z,W00,W00,_Z,NA,2001,0.85362,0,A,A,5
EA,GPI,_Z,_Z,_T,Y_GE25,_T,INST_T,L4T8,_Z,_T,_T,_T,_T,_Z,_Z,_Z,_Z,W00,W00,_Z,NE,2012,0.35606,0,A,A,5
EA,GPI,_Z,_Z,_T,Y_GE25,_T,INST_T,L4T8,_Z,_T,_T,_T,_T,_Z,_Z,_Z,_Z,W00,W00,_Z,NG,2006,0.66628,0,A,A,5
EA,GPI,_Z,_Z,_T,Y_GE25,_T,INST_T,L4T8,_Z,_T,_T,_T,_T,_Z,_Z,_Z,_Z,W00,W00,_Z,NL,2005,0.77296,0,A,A,5
EA,GPI,_Z,_Z,_T,Y_GE25,_T,INST_T,L4T8,_Z,_T,_T,_T,_T,_Z,_Z,_Z,_Z,W00,W00,_Z,NL,2007,0.81581,0,A,A,5
EA,GPI,_Z,_Z,_T,Y_GE25,_T,INST_T,L4T8,_Z,_T,_T,_T,_T,_Z,_Z,_Z,_Z,W00,W00,_Z,NL,2008,0.80797,0,A,A,5
EA,GPI,_Z,_Z,_T,Y_GE25,_T,INST_T,L4T8,_Z,_T,_T,_T,_T,_Z,_Z,_Z,_Z,W00,W00,_Z,NL,2009,0.83192,0,A,A,5
EA,GPI,_Z,_Z,_T,Y_GE25,_T,INST_T,L4T8,_Z,_T,_T,_T,_T,_Z,_Z,_Z,_Z,W00,W00,_Z,NL,2010,0.81441,0,A,A,5
EA,GPI,_Z,_Z,_T,Y_GE25,_T,INST_T,L4T8,_Z,_T,_T,_T,_T,_Z,_Z,_Z,_Z,W00,W00,_Z,NL,2011,0.82569,0,A,A,5
EA,GPI,_Z,_Z,_T,Y_GE25,_T,INST_T,L4T8,_Z,_T,_T,_T,_T,_Z,_Z,_Z,_Z,W00,W00,_Z,NL,2012,0.83094,0,A,A,5
EA,GPI,_Z,_Z,_T,Y_GE25,_T,INST_T,L4T8,_Z,_T,_T,_T,_T,_Z,_Z,_Z,_Z,W00,W00,_Z,NL,2013,0.83633,0,A,A,5
EA,GPI,_Z,_Z,_T,Y_GE25,_T,INST_T,L4T8,_Z,_T,_T,_T,_T,_Z,_Z,_Z,_Z,W00,W00,_Z,NL,2014,0.86013,0,A,A,5
EA,GPI,_Z,_Z,_T,Y_GE25,_T,INST_T,L4T8,_Z,_T,_T,_T,_T,_Z,_Z,_Z,_Z,W00,W00,_Z,NL,2015,0.87508,0,A,A,5
EA,GPI,_Z,_Z,_T,Y_GE25,_T,INST_T,L4T8,_Z,_T,_T,_T,_T,_Z,_Z,_Z,_Z,W00,W00,_Z,NL,2016,0.89551,0,A,A,5
EA,GPI,_Z,_Z,_T,Y_GE25,_T,INST_T,L4T8,_Z,_T,_T,_T,_T,_Z,_Z,_Z,_Z,W00,W00,_Z,NL,2018,0.91807,0,A,A,5
EA,GPI,_Z,_Z,_T,Y_GE25,_T,INST_T,L4T8,_Z,_T,_T,_T,_T,_Z,_Z,_Z,_Z,W00,W00,_Z,NO,2004,1.05663,0,A,A,5
EA,GPI,_Z,_Z,_T,Y_GE25,_T,INST_T,L4T8,_Z,_T,_T,_T,_T,_Z,_Z,_Z,_Z,W00,W00,_Z,NO,2005,0.97672,0,A,A,5
EA,GPI,_Z,_Z,_T,Y_GE25,_T,INST_T,L4T8,_Z,_T,_T,_T,_T,_Z,_Z,_Z,_Z,W00,W00,_Z,NO,2006,0.99097,0,A,A,5
EA,GPI,_Z,_Z,_T,Y_GE25,_T,INST_T,L4T8,_Z,_T,_T,_T,_T,_Z,_Z,_Z,_Z,W00,W00,_Z,NO,2007,1.00445,0,A,A,5
EA,GPI,_Z,_Z,_T,Y_GE25,_T,INST_T,L4T8,_Z,_T,_T,_T,_T,_Z,_Z,_Z,_Z,W00,W00,_Z,NO,2008,1.02366,0,A,A,5
EA,GPI,_Z,_Z,_T,Y_GE25,_T,INST_T,L4T8,_Z,_T,_T,_T,_T,_Z,_Z,_Z,_Z,W00,W00,_Z,NO,2009,1.03569,0,A,A,5
EA,GPI,_Z,_Z,_T,Y_GE25,_T,INST_T,L4T8,_Z,_T,_T,_T,_T,_Z,_Z,_Z,_Z,W00,W00,_Z,NO,2010,1.04926,0,A,A,5
EA,GPI,_Z,_Z,_T,Y_GE25,_T,INST_T,L4T8,_Z,_T,_T,_T,_T,_Z,_Z,_Z,_Z,W00,W00,_Z,NO,2011,1.06944,0,A,A,5
EA,GPI,_Z,_Z,_T,Y_GE25,_T,INST_T,L4T8,_Z,_T,_T,_T,_T,_Z,_Z,_Z,_Z,W00,W00,_Z,NO,2014,1.10908,0,A,A,5
EA,GPI,_Z,_Z,_T,Y_GE25,_T,INST_T,L4T8,_Z,_T,_T,_T,_T,_Z,_Z,_Z,_Z,W00,W00,_Z,NO,2015,1.12303,0,A,A,5
EA,GPI,_Z,_Z,_T,Y_GE25,_T,INST_T,L4T8,_Z,_T,_T,_T,_T,_Z,_Z,_Z,_Z,W00,W00,_Z,NO,2016,1.13475,0,A,A,5
EA,GPI,_Z,_Z,_T,Y_GE25,_T,INST_T,L4T8,_Z,_T,_T,_T,_T,_Z,_Z,_Z,_Z,W00,W00,_Z,NO,2017,1.14705,0,A,A,5
EA,GPI,_Z,_Z,_T,Y_GE25,_T,INST_T,L4T8,_Z,_T,_T,_T,_T,_Z,_Z,_Z,_Z,W00,W00,_Z,NP,2001,0.25030,0,A,A,5
EA,GPI,_Z,_Z,_T,Y_GE25,_T,INST_T,L4T8,_Z,_T,_T,_T,_T,_Z,_Z,_Z,_Z,W00,W00,_Z,NP,2011,0.36993,0,A,A,5
EA,GPI,_Z,_Z,_T,Y_GE25,_T,INST_T,L4T8,_Z,_T,_T,_T,_T,_Z,_Z,_Z,_Z,W00,W00,_Z,NZ,2001,0.87600,0,A,A,5
EA,GPI,_Z,_Z,_T,Y_GE25,_T,INST_T,L4T8,_Z,_T,_T,_T,_T,_Z,_Z,_Z,_Z,W00,W00,_Z,NZ,2006,0.85138,0,A,A,5
EA,GPI,_Z,_Z,_T,Y_GE25,_T,INST_T,L4T8,_Z,_T,_T,_T,_T,_Z,_Z,_Z,_Z,W00,W00,_Z,NZ,2011,0.85122,0,A,A,5
EA,GPI,_Z,_Z,_T,Y_GE25,_T,INST_T,L4T8,_Z,_T,_T,_T,_T,_Z,_Z,_Z,_Z,W00,W00,_Z,NZ,2012,0.85019,0,A,A,5
EA,GPI,_Z,_Z,_T,Y_GE25,_T,INST_T,L4T8,_Z,_T,_T,_T,_T,_Z,_Z,_Z,_Z,W00,W00,_Z,NZ,2014,0.80654,0,A,A,5
EA,GPI,_Z,_Z,_T,Y_GE25,_T,INST_T,L4T8,_Z,_T,_T,_T,_T,_Z,_Z,_Z,_Z,W00,W00,_Z,NZ,2015,0.81866,0,A,A,5
EA,GPI,_Z,_Z,_T,Y_GE25,_T,INST_T,L4T8,_Z,_T,_T,_T,_T,_Z,_Z,_Z,_Z,W00,W00,_Z,NZ,2016,0.82410,0,A,A,5
EA,GPI,_Z,_Z,_T,Y_GE25,_T,INST_T,L4T8,_Z,_T,_T,_T,_T,_Z,_Z,_Z,_Z,W00,W00,_Z,OM,2003,0.91139,0,A,A,5
EA,GPI,_Z,_Z,_T,Y_GE25,_T,INST_T,L4T8,_Z,_T,_T,_T,_T,_Z,_Z,_Z,_Z,W00,W00,_Z,OM,2008,0.81747,0,A,A,5
EA,GPI,_Z,_Z,_T,Y_GE25,_T,INST_T,L4T8,_Z,_T,_T,_T,_T,_Z,_Z,_Z,_Z,W00,W00,_Z,OM,2010,1.11188,0,A,A,5
EA,GPI,_Z,_Z,_T,Y_GE25,_T,INST_T,L4T8,_Z,_T,_T,_T,_T,_Z,_Z,_Z,_Z,W00,W00,_Z,OM,2015,1.43207,0,A,A,5
EA,GPI,_Z,_Z,_T,Y_GE25,_T,INST_T,L4T8,_Z,_T,_T,_T,_T,_Z,_Z,_Z,_Z,W00,W00,_Z,PA,2000,1.20887,0,A,A,5
EA,GPI,_Z,_Z,_T,Y_GE25,_T,INST_T,L4T8,_Z,_T,_T,_T,_T,_Z,_Z,_Z,_Z,W00,W00,_Z,PA,2010,1.31087,0,A,A,5
EA,GPI,_Z,_Z,_T,Y_GE25,_T,INST_T,L4T8,_Z,_T,_T,_T,_T,_Z,_Z,_Z,_Z,W00,W00,_Z,PE,2004,0.88464,0,A,A,5
EA,GPI,_Z,_Z,_T,Y_GE25,_T,INST_T,L4T8,_Z,_T,_T,_T,_T,_Z,_Z,_Z,_Z,W00,W00,_Z,PE,2005,0.88919,0,A,A,5
EA,GPI,_Z,_Z,_T,Y_GE25,_T,INST_T,L4T8,_Z,_T,_T,_T,_T,_Z,_Z,_Z,_Z,W00,W00,_Z,PE,2006,0.89005,0,A,A,5
EA,GPI,_Z,_Z,_T,Y_GE25,_T,INST_T,L4T8,_Z,_T,_T,_T,_T,_Z,_Z,_Z,_Z,W00,W00,_Z,PE,2007,0.87624,0,A,A,5
EA,GPI,_Z,_Z,_T,Y_GE25,_T,INST_T,L4T8,_Z,_T,_T,_T,_T,_Z,_Z,_Z,_Z,W00,W00,_Z,PE,2008,0.89351,0,A,A,5
EA,GPI,_Z,_Z,_T,Y_GE25,_T,INST_T,L4T8,_Z,_T,_T,_T,_T,_Z,_Z,_Z,_Z,W00,W00,_Z,PE,2009,0.90229,0,A,A,5
EA,GPI,_Z,_Z,_T,Y_GE25,_T,INST_T,L4T8,_Z,_T,_T,_T,_T,_Z,_Z,_Z,_Z,W00,W00,_Z,PE,2010,0.91108,0,A,A,5
EA,GPI,_Z,_Z,_T,Y_GE25,_T,INST_T,L4T8,_Z,_T,_T,_T,_T,_Z,_Z,_Z,_Z,W00,W00,_Z,PE,2011,0.96933,0,A,A,5
EA,GPI,_Z,_Z,_T,Y_GE25,_T,INST_T,L4T8,_Z,_T,_T,_T,_T,_Z,_Z,_Z,_Z,W00,W00,_Z,PE,2012,0.96187,0,A,A,5
EA,GPI,_Z,_Z,_T,Y_GE25,_T,INST_T,L4T8,_Z,_T,_T,_T,_T,_Z,_Z,_Z,_Z,W00,W00,_Z,PE,2013,0.92979,0,A,A,5
EA,GPI,_Z,_Z,_T,Y_GE25,_T,INST_T,L4T8,_Z,_T,_T,_T,_T,_Z,_Z,_Z,_Z,W00,W00,_Z,PE,2014,0.97805,0,A,A,5
EA,GPI,_Z,_Z,_T,Y_GE25,_T,INST_T,L4T8,_Z,_T,_T,_T,_T,_Z,_Z,_Z,_Z,W00,W00,_Z,PE,2015,0.99652,0,A,A,5
EA,GPI,_Z,_Z,_T,Y_GE25,_T,INST_T,L4T8,_Z,_T,_T,_T,_T,_Z,_Z,_Z,_Z,W00,W00,_Z,PE,2018,0.93178,0,A,A,5
EA,GPI,_Z,_Z,_T,Y_GE25,_T,INST_T,L4T8,_Z,_T,_T,_T,_T,_Z,_Z,_Z,_Z,W00,W00,_Z,PF,2007,1.04534,0,A,A,5
EA,GPI,_Z,_Z,_T,Y_GE25,_T,INST_T,L4T8,_Z,_T,_T,_T,_T,_Z,_Z,_Z,_Z,W00,W00,_Z,PH,2000,1.09847,0,A,A,5
EA,GPI,_Z,_Z,_T,Y_GE25,_T,INST_T,L4T8,_Z,_T,_T,_T,_T,_Z,_Z,_Z,_Z,W00,W00,_Z,PH,2004,1.13450,0,A,A,5
EA,GPI,_Z,_Z,_T,Y_GE25,_T,INST_T,L4T8,_Z,_T,_T,_T,_T,_Z,_Z,_Z,_Z,W00,W00,_Z,PH,2008,1.08810,0,A,A,5
EA,GPI,_Z,_Z,_T,Y_GE25,_T,INST_T,L4T8,_Z,_T,_T,_T,_T,_Z,_Z,_Z,_Z,W00,W00,_Z,PH,2010,1.06170,0,A,A,5
EA,GPI,_Z,_Z,_T,Y_GE25,_T,INST_T,L4T8,_Z,_T,_T,_T,_T,_Z,_Z,_Z,_Z,W00,W00,_Z,PH,2013,1.09053,0,A,A,5
EA,GPI,_Z,_Z,_T,Y_GE25,_T,INST_T,L4T8,_Z,_T,_T,_T,_T,_Z,_Z,_Z,_Z,W00,W00,_Z,PH,2017,1.36702,0,A,A,5
EA,GPI,_Z,_Z,_T,Y_GE25,_T,INST_T,L4T8,_Z,_T,_T,_T,_T,_Z,_Z,_Z,_Z,W00,W00,_Z,PK,2005,0.36162,0,A,A,5
EA,GPI,_Z,_Z,_T,Y_GE25,_T,INST_T,L4T8,_Z,_T,_T,_T,_T,_Z,_Z,_Z,_Z,W00,W00,_Z,PK,2006,0.39745,0,A,A,5
EA,GPI,_Z,_Z,_T,Y_GE25,_T,INST_T,L4T8,_Z,_T,_T,_T,_T,_Z,_Z,_Z,_Z,W00,W00,_Z,PK,2008,0.40461,0,A,A,5
EA,GPI,_Z,_Z,_T,Y_GE25,_T,INST_T,L4T8,_Z,_T,_T,_T,_T,_Z,_Z,_Z,_Z,W00,W00,_Z,PK,2009,0.52075,0,A,A,5
EA,GPI,_Z,_Z,_T,Y_GE25,_T,INST_T,L4T8,_Z,_T,_T,_T,_T,_Z,_Z,_Z,_Z,W00,W00,_Z,PK,2010,0.52652,0,A,A,5
EA,GPI,_Z,_Z,_T,Y_GE25,_T,INST_T,L4T8,_Z,_T,_T,_T,_T,_Z,_Z,_Z,_Z,W00,W00,_Z,PK,2011,0.46028,0,A,A,5
EA,GPI,_Z,_Z,_T,Y_GE25,_T,INST_T,L4T8,_Z,_T,_T,_T,_T,_Z,_Z,_Z,_Z,W00,W00,_Z,PK,2012,0.48860,0,A,A,5
EA,GPI,_Z,_Z,_T,Y_GE25,_T,INST_T,L4T8,_Z,_T,_T,_T,_T,_Z,_Z,_Z,_Z,W00,W00,_Z,PK,2013,0.49030,0,A,A,5
EA,GPI,_Z,_Z,_T,Y_GE25,_T,INST_T,L4T8,_Z,_T,_T,_T,_T,_Z,_Z,_Z,_Z,W00,W00,_Z,PK,2014,0.53858,0,A,A,5
EA,GPI,_Z,_Z,_T,Y_GE25,_T,INST_T,L4T8,_Z,_T,_T,_T,_T,_Z,_Z,_Z,_Z,W00,W00,_Z,PK,2016,0.51320,0,A,A,5
EA,GPI,_Z,_Z,_T,Y_GE25,_T,INST_T,L4T8,_Z,_T,_T,_T,_T,_Z,_Z,_Z,_Z,W00,W00,_Z,PK,2017,0.54897,0,A,A,5
EA,GPI,_Z,_Z,_T,Y_GE25,_T,INST_T,L4T8,_Z,_T,_T,_T,_T,_Z,_Z,_Z,_Z,W00,W00,_Z,PL,2002,1.27830,0,A,A,5
EA,GPI,_Z,_Z,_T,Y_GE25,_T,INST_T,L4T8,_Z,_T,_T,_T,_T,_Z,_Z,_Z,_Z,W00,W00,_Z,PL,2008,1.32516,0,A,A,5
EA,GPI,_Z,_Z,_T,Y_GE25,_T,INST_T,L4T8,_Z,_T,_T,_T,_T,_Z,_Z,_Z,_Z,W00,W00,_Z,PL,2009,1.32904,0,A,A,5
EA,GPI,_Z,_Z,_T,Y_GE25,_T,INST_T,L4T8,_Z,_T,_T,_T,_T,_Z,_Z,_Z,_Z,W00,W00,_Z,PL,2010,1.32951,0,A,A,5
EA,GPI,_Z,_Z,_T,Y_GE25,_T,INST_T,L4T8,_Z,_T,_T,_T,_T,_Z,_Z,_Z,_Z,W00,W00,_Z,PL,2011,1.34374,0,A,A,5
EA,GPI,_Z,_Z,_T,Y_GE25,_T,INST_T,L4T8,_Z,_T,_T,_T,_T,_Z,_Z,_Z,_Z,W00,W00,_Z,PL,2012,1.33901,0,A,A,5
EA,GPI,_Z,_Z,_T,Y_GE25,_T,INST_T,L4T8,_Z,_T,_T,_T,_T,_Z,_Z,_Z,_Z,W00,W00,_Z,PL,2013,1.34164,0,A,A,5
EA,GPI,_Z,_Z,_T,Y_GE25,_T,INST_T,L4T8,_Z,_T,_T,_T,_T,_Z,_Z,_Z,_Z,W00,W00,_Z,PL,2014,1.34284,0,A,A,5
EA,GPI,_Z,_Z,_T,Y_GE25,_T,INST_T,L4T8,_Z,_T,_T,_T,_T,_Z,_Z,_Z,_Z,W00,W00,_Z,PL,2016,1.39287,0,A,A,5
EA,GPI,_Z,_Z,_T,Y_GE25,_T,INST_T,L4T8,_Z,_T,_T,_T,_T,_Z,_Z,_Z,_Z,W00,W00,_Z,PR,2000,1.15397,0,A,A,5
EA,GPI,_Z,_Z,_T,Y_GE25,_T,INST_T,L4T8,_Z,_T,_T,_T,_T,_Z,_Z,_Z,_Z,W00,W00,_Z,PR,2005,1.16075,0,A,A,5
EA,GPI,_Z,_Z,_T,Y_GE25,_T,INST_T,L4T8,_Z,_T,_T,_T,_T,_Z,_Z,_Z,_Z,W00,W00,_Z,PR,2006,1.20478,0,A,A,5
EA,GPI,_Z,_Z,_T,Y_GE25,_T,INST_T,L4T8,_Z,_T,_T,_T,_T,_Z,_Z,_Z,_Z,W00,W00,_Z,PR,2007,1.22429,0,A,A,5
EA,GPI,_Z,_Z,_T,Y_GE25,_T,INST_T,L4T8,_Z,_T,_T,_T,_T,_Z,_Z,_Z,_Z,W00,W00,_Z,PR,2008,1.19729,0,A,A,5
EA,GPI,_Z,_Z,_T,Y_GE25,_T,INST_T,L4T8,_Z,_T,_T,_T,_T,_Z,_Z,_Z,_Z,W00,W00,_Z,PR,2011,1.19292,0,A,A,5
EA,GPI,_Z,_Z,_T,Y_GE25,_T,INST_T,L4T8,_Z,_T,_T,_T,_T,_Z,_Z,_Z,_Z,W00,W00,_Z,PR,2017,1.27182,0,A,A,5
EA,GPI,_Z,_Z,_T,Y_GE25,_T,INST_T,L4T8,_Z,_T,_T,_T,_T,_Z,_Z,_Z,_Z,W00,W00,_Z,PS,2004,0.58345,0,A,A,5
EA,GPI,_Z,_Z,_T,Y_GE25,_T,INST_T,L4T8,_Z,_T,_T,_T,_T,_Z,_Z,_Z,_Z,W00,W00,_Z,PS,2006,0.65331,0,A,A,5
EA,GPI,_Z,_Z,_T,Y_GE25,_T,INST_T,L4T8,_Z,_T,_T,_T,_T,_Z,_Z,_Z,_Z,W00,W00,_Z,PS,2007,0.66978,0,A,A,5
EA,GPI,_Z,_Z,_T,Y_GE25,_T,INST_T,L4T8,_Z,_T,_T,_T,_T,_Z,_Z,_Z,_Z,W00,W00,_Z,PS,2008,0.71777,0,A,A,5
EA,GPI,_Z,_Z,_T,Y_GE25,_T,INST_T,L4T8,_Z,_T,_T,_T,_T,_Z,_Z,_Z,_Z,W00,W00,_Z,PS,2009,0.73476,0,A,A,5
EA,GPI,_Z,_Z,_T,Y_GE25,_T,INST_T,L4T8,_Z,_T,_T,_T,_T,_Z,_Z,_Z,_Z,W00,W00,_Z,PS,2010,0.75096,0,A,A,5
EA,GPI,_Z,_Z,_T,Y_GE25,_T,INST_T,L4T8,_Z,_T,_T,_T,_T,_Z,_Z,_Z,_Z,W00,W00,_Z,PS,2011,0.77261,0,A,A,5
EA,GPI,_Z,_Z,_T,Y_GE25,_T,INST_T,L4T8,_Z,_T,_T,_T,_T,_Z,_Z,_Z,_Z,W00,W00,_Z,PS,2012,0.82336,0,A,A,5
EA,GPI,_Z,_Z,_T,Y_GE25,_T,INST_T,L4T8,_Z,_T,_T,_T,_T,_Z,_Z,_Z,_Z,W00,W00,_Z,PS,2013,0.90031,0,A,A,5
EA,GPI,_Z,_Z,_T,Y_GE25,_T,INST_T,L4T8,_Z,_T,_T,_T,_T,_Z,_Z,_Z,_Z,W00,W00,_Z,PS,2014,0.92019,0,A,A,5
EA,GPI,_Z,_Z,_T,Y_GE25,_T,INST_T,L4T8,_Z,_T,_T,_T,_T,_Z,_Z,_Z,_Z,W00,W00,_Z,PS,2015,0.92941,0,A,A,5
EA,GPI,_Z,_Z,_T,Y_GE25,_T,INST_T,L4T8,_Z,_T,_T,_T,_T,_Z,_Z,_Z,_Z,W00,W00,_Z,PS,2016,0.95738,0,A,A,5
EA,GPI,_Z,_Z,_T,Y_GE25,_T,INST_T,L4T8,_Z,_T,_T,_T,_T,_Z,_Z,_Z,_Z,W00,W00,_Z,PS,2018,1.07012,0,A,A,5
EA,GPI,_Z,_Z,_T,Y_GE25,_T,INST_T,L4T8,_Z,_T,_T,_T,_T,_Z,_Z,_Z,_Z,W00,W00,_Z,PT,2000,1.18410,0,A,A,5
EA,GPI,_Z,_Z,_T,Y_GE25,_T,INST_T,L4T8,_Z,_T,_T,_T,_T,_Z,_Z,_Z,_Z,W00,W00,_Z,PT,2001,1.26512,0,A,A,5
EA,GPI,_Z,_Z,_T,Y_GE25,_T,INST_T,L4T8,_Z,_T,_T,_T,_T,_Z,_Z,_Z,_Z,W00,W00,_Z,PT,2002,1.40313,0,A,A,5
EA,GPI,_Z,_Z,_T,Y_GE25,_T,INST_T,L4T8,_Z,_T,_T,_T,_T,_Z,_Z,_Z,_Z,W00,W00,_Z,PT,2003,1.33434,0,A,A,5
EA,GPI,_Z,_Z,_T,Y_GE25,_T,INST_T,L4T8,_Z,_T,_T,_T,_T,_Z,_Z,_Z,_Z,W00,W00,_Z,PT,2004,1.27541,0,A,A,5
EA,GPI,_Z,_Z,_T,Y_GE25,_T,INST_T,L4T8,_Z,_T,_T,_T,_T,_Z,_Z,_Z,_Z,W00,W00,_Z,PT,2005,1.27476,0,A,A,5
EA,GPI,_Z,_Z,_T,Y_GE25,_T,INST_T,L4T8,_Z,_T,_T,_T,_T,_Z,_Z,_Z,_Z,W00,W00,_Z,PT,2006,1.23901,0,A,A,5
EA,GPI,_Z,_Z,_T,Y_GE25,_T,INST_T,L4T8,_Z,_T,_T,_T,_T,_Z,_Z,_Z,_Z,W00,W00,_Z,PT,2007,1.29888,0,A,A,5
EA,GPI,_Z,_Z,_T,Y_GE25,_T,INST_T,L4T8,_Z,_T,_T,_T,_T,_Z,_Z,_Z,_Z,W00,W00,_Z,PT,2008,1.32278,0,A,A,5
EA,GPI,_Z,_Z,_T,Y_GE25,_T,INST_T,L4T8,_Z,_T,_T,_T,_T,_Z,_Z,_Z,_Z,W00,W00,_Z,PT,2009,1.29447,0,A,A,5
EA,GPI,_Z,_Z,_T,Y_GE25,_T,INST_T,L4T8,_Z,_T,_T,_T,_T,_Z,_Z,_Z,_Z,W00,W00,_Z,PT,2010,1.33710,0,A,A,5
EA,GPI,_Z,_Z,_T,Y_GE25,_T,INST_T,L4T8,_Z,_T,_T,_T,_T,_Z,_Z,_Z,_Z,W00,W00,_Z,PT,2011,1.24189,0,A,A,5
EA,GPI,_Z,_Z,_T,Y_GE25,_T,INST_T,L4T8,_Z,_T,_T,_T,_T,_Z,_Z,_Z,_Z,W00,W00,_Z,PT,2012,1.23855,0,A,A,5
EA,GPI,_Z,_Z,_T,Y_GE25,_T,INST_T,L4T8,_Z,_T,_T,_T,_T,_Z,_Z,_Z,_Z,W00,W00,_Z,PT,2013,1.32240,0,A,A,5
EA,GPI,_Z,_Z,_T,Y_GE25,_T,INST_T,L4T8,_Z,_T,_T,_T,_T,_Z,_Z,_Z,_Z,W00,W00,_Z,PT,2014,1.33241,0,A,A,5
EA,GPI,_Z,_Z,_T,Y_GE25,_T,INST_T,L4T8,_Z,_T,_T,_T,_T,_Z,_Z,_Z,_Z,W00,W00,_Z,PT,2015,1.31666,0,A,A,5
EA,GPI,_Z,_Z,_T,Y_GE25,_T,INST_T,L4T8,_Z,_T,_T,_T,_T,_Z,_Z,_Z,_Z,W00,W00,_Z,PT,2016,1.31880,0,A,A,5
EA,GPI,_Z,_Z,_T,Y_GE25,_T,INST_T,L4T8,_Z,_T,_T,_T,_T,_Z,_Z,_Z,_Z,W00,W00,_Z,PT,2017,1.33874,0,A,A,5
EA,GPI,_Z,_Z,_T,Y_GE25,_T,INST_T,L4T8,_Z,_T,_T,_T,_T,_Z,_Z,_Z,_Z,W00,W00,_Z,PT,2018,1.37358,0,A,A,5
EA,GPI,_Z,_Z,_T,Y_GE25,_T,INST_T,L4T8,_Z,_T,_T,_T,_T,_Z,_Z,_Z,_Z,W00,W00,_Z,PY,2003,1.24079,0,A,A,5
EA,GPI,_Z,_Z,_T,Y_GE25,_T,INST_T,L4T8,_Z,_T,_T,_T,_T,_Z,_Z,_Z,_Z,W00,W00,_Z,PY,2005,1.12661,0,A,A,5
EA,GPI,_Z,_Z,_T,Y_GE25,_T,INST_T,L4T8,_Z,_T,_T,_T,_T,_Z,_Z,_Z,_Z,W00,W00,_Z,PY,2006,1.12433,0,A,A,5
EA,GPI,_Z,_Z,_T,Y_GE25,_T,INST_T,L4T8,_Z,_T,_T,_T,_T,_Z,_Z,_Z,_Z,W00,W00,_Z,PY,2007,1.21178,0,A,A,5
EA,GPI,_Z,_Z,_T,Y_GE25,_T,INST_T,L4T8,_Z,_T,_T,_T,_T,_Z,_Z,_Z,_Z,W00,W00,_Z,PY,2008,1.29360,0,A,A,5
EA,GPI,_Z,_Z,_T,Y_GE25,_T,INST_T,L4T8,_Z,_T,_T,_T,_T,_Z,_Z,_Z,_Z,W00,W00,_Z,PY,2009,0.89684,0,A,A,5
EA,GPI,_Z,_Z,_T,Y_GE25,_T,INST_T,L4T8,_Z,_T,_T,_T,_T,_Z,_Z,_Z,_Z,W00,W00,_Z,PY,2012,1.29788,0,A,A,5
EA,GPI,_Z,_Z,_T,Y_GE25,_T,INST_T,L4T8,_Z,_T,_T,_T,_T,_Z,_Z,_Z,_Z,W00,W00,_Z,PY,2013,1.27787,0,A,A,5
EA,GPI,_Z,_Z,_T,Y_GE25,_T,INST_T,L4T8,_Z,_T,_T,_T,_T,_Z,_Z,_Z,_Z,W00,W00,_Z,PY,2014,1.21663,0,A,A,5
EA,GPI,_Z,_Z,_T,Y_GE25,_T,INST_T,L4T8,_Z,_T,_T,_T,_T,_Z,_Z,_Z,_Z,W00,W00,_Z,PY,2015,1.34653,0,A,A,5
EA,GPI,_Z,_Z,_T,Y_GE25,_T,INST_T,L4T8,_Z,_T,_T,_T,_T,_Z,_Z,_Z,_Z,W00,W00,_Z,PY,2016,1.34980,0,A,A,5
EA,GPI,_Z,_Z,_T,Y_GE25,_T,INST_T,L4T8,_Z,_T,_T,_T,_T,_Z,_Z,_Z,_Z,W00,W00,_Z,PY,2018,1.30672,0,A,A,5
EA,GPI,_Z,_Z,_T,Y_GE25,_T,INST_T,L4T8,_Z,_T,_T,_T,_T,_Z,_Z,_Z,_Z,W00,W00,_Z,QA,2004,1.58676,0,A,A,5
EA,GPI,_Z,_Z,_T,Y_GE25,_T,INST_T,L4T8,_Z,_T,_T,_T,_T,_Z,_Z,_Z,_Z,W00,W00,_Z,QA,2007,1.38727,0,A,A,5
EA,GPI,_Z,_Z,_T,Y_GE25,_T,INST_T,L4T8,_Z,_T,_T,_T,_T,_Z,_Z,_Z,_Z,W00,W00,_Z,QA,2008,1.78608,0,A,A,5
EA,GPI,_Z,_Z,_T,Y_GE25,_T,INST_T,L4T8,_Z,_T,_T,_T,_T,_Z,_Z,_Z,_Z,W00,W00,_Z,QA,2009,2.01185,0,A,A,5
EA,GPI,_Z,_Z,_T,Y_GE25,_T,INST_T,L4T8,_Z,_T,_T,_T,_T,_Z,_Z,_Z,_Z,W00,W00,_Z,QA,2010,1.52230,0,A,A,5
EA,GPI,_Z,_Z,_T,Y_GE25,_T,INST_T,L4T8,_Z,_T,_T,_T,_T,_Z,_Z,_Z,_Z,W00,W00,_Z,QA,2011,1.85541,0,A,A,5
EA,GPI,_Z,_Z,_T,Y_GE25,_T,INST_T,L4T8,_Z,_T,_T,_T,_T,_Z,_Z,_Z,_Z,W00,W00,_Z,QA,2012,1.68225,0,A,A,5
EA,GPI,_Z,_Z,_T,Y_GE25,_T,INST_T,L4T8,_Z,_T,_T,_T,_T,_Z,_Z,_Z,_Z,W00,W00,_Z,QA,2013,1.77614,0,A,A,5
EA,GPI,_Z,_Z,_T,Y_GE25,_T,INST_T,L4T8,_Z,_T,_T,_T,_T,_Z,_Z,_Z,_Z,W00,W00,_Z,QA,2014,1.92035,0,A,A,5
EA,GPI,_Z,_Z,_T,Y_GE25,_T,INST_T,L4T8,_Z,_T,_T,_T,_T,_Z,_Z,_Z,_Z,W00,W00,_Z,QA,2016,1.99686,0,A,A,5
EA,GPI,_Z,_Z,_T,Y_GE25,_T,INST_T,L4T8,_Z,_T,_T,_T,_T,_Z,_Z,_Z,_Z,W00,W00,_Z,QA,2017,2.02874,0,A,A,5
EA,GPI,_Z,_Z,_T,Y_GE25,_T,INST_T,L4T8,_Z,_T,_T,_T,_T,_Z,_Z,_Z,_Z,W00,W00,_Z,RO,2002,0.74918,0,A,A,5
EA,GPI,_Z,_Z,_T,Y_GE25,_T,INST_T,L4T8,_Z,_T,_T,_T,_T,_Z,_Z,_Z,_Z,W00,W00,_Z,RO,2007,0.82198,0,A,A,5
EA,GPI,_Z,_Z,_T,Y_GE25,_T,INST_T,L4T8,_Z,_T,_T,_T,_T,_Z,_Z,_Z,_Z,W00,W00,_Z,RO,2008,0.85739,0,A,A,5
EA,GPI,_Z,_Z,_T,Y_GE25,_T,INST_T,L4T8,_Z,_T,_T,_T,_T,_Z,_Z,_Z,_Z,W00,W00,_Z,RO,2009,0.89174,0,A,A,5
EA,GPI,_Z,_Z,_T,Y_GE25,_T,INST_T,L4T8,_Z,_T,_T,_T,_T,_Z,_Z,_Z,_Z,W00,W00,_Z,RO,2010,0.89774,0,A,A,5
EA,GPI,_Z,_Z,_T,Y_GE25,_T,INST_T,L4T8,_Z,_T,_T,_T,_T,_Z,_Z,_Z,_Z,W00,W00,_Z,RO,2011,0.91380,0,A,A,5
EA,GPI,_Z,_Z,_T,Y_GE25,_T,INST_T,L4T8,_Z,_T,_T,_T,_T,_Z,_Z,_Z,_Z,W00,W00,_Z,RO,2012,0.93444,0,A,A,5
EA,GPI,_Z,_Z,_T,Y_GE25,_T,INST_T,L4T8,_Z,_T,_T,_T,_T,_Z,_Z,_Z,_Z,W00,W00,_Z,RO,2013,0.97436,0,A,A,5
EA,GPI,_Z,_Z,_T,Y_GE25,_T,INST_T,L4T8,_Z,_T,_T,_T,_T,_Z,_Z,_Z,_Z,W00,W00,_Z,RO,2014,0.96122,0,A,A,5
EA,GPI,_Z,_Z,_T,Y_GE25,_T,INST_T,L4T8,_Z,_T,_T,_T,_T,_Z,_Z,_Z,_Z,W00,W00,_Z,RO,2015,0.97871,0,A,A,5
EA,GPI,_Z,_Z,_T,Y_GE25,_T,INST_T,L4T8,_Z,_T,_T,_T,_T,_Z,_Z,_Z,_Z,W00,W00,_Z,RO,2016,0.98443,0,A,A,5
EA,GPI,_Z,_Z,_T,Y_GE25,_T,INST_T,L4T8,_Z,_T,_T,_T,_T,_Z,_Z,_Z,_Z,W00,W00,_Z,RO,2017,1.00806,0,A,A,5
EA,GPI,_Z,_Z,_T,Y_GE25,_T,INST_T,L4T8,_Z,_T,_T,_T,_T,_Z,_Z,_Z,_Z,W00,W00,_Z,RS,2002,0.76954,0,A,A,5
EA,GPI,_Z,_Z,_T,Y_GE25,_T,INST_T,L4T8,_Z,_T,_T,_T,_T,_Z,_Z,_Z,_Z,W00,W00,_Z,RS,2008,0.85861,0,A,A,5
EA,GPI,_Z,_Z,_T,Y_GE25,_T,INST_T,L4T8,_Z,_T,_T,_T,_T,_Z,_Z,_Z,_Z,W00,W00,_Z,RS,2009,0.87808,0,A,A,5
EA,GPI,_Z,_Z,_T,Y_GE25,_T,INST_T,L4T8,_Z,_T,_T,_T,_T,_Z,_Z,_Z,_Z,W00,W00,_Z,RS,2010,0.92887,0,A,A,5
EA,GPI,_Z,_Z,_T,Y_GE25,_T,INST_T,L4T8,_Z,_T,_T,_T,_T,_Z,_Z,_Z,_Z,W00,W00,_Z,RS,2011,0.89338,0,A,A,5
EA,GPI,_Z,_Z,_T,Y_GE25,_T,INST_T,L4T8,_Z,_T,_T,_T,_T,_Z,_Z,_Z,_Z,W00,W00,_Z,RS,2013,0.93009,0,A,A,5
EA,GPI,_Z,_Z,_T,Y_GE25,_T,INST_T,L4T8,_Z,_T,_T,_T,_T,_Z,_Z,_Z,_Z,W00,W00,_Z,RS,2014,0.91354,0,A,A,5
EA,GPI,_Z,_Z,_T,Y_GE25,_T,INST_T,L4T8,_Z,_T,_T,_T,_T,_Z,_Z,_Z,_Z,W00,W00,_Z,RS,2015,0.91357,0,A,A,5
EA,GPI,_Z,_Z,_T,Y_GE25,_T,INST_T,L4T8,_Z,_T,_T,_T,_T,_Z,_Z,_Z,_Z,W00,W00,_Z,RS,2016,0.92565,0,A,A,5
EA,GPI,_Z,_Z,_T,Y_GE25,_T,INST_T,L4T8,_Z,_T,_T,_T,_T,_Z,_Z,_Z,_Z,W00,W00,_Z,RS,2017,0.93758,0,A,A,5
EA,GPI,_Z,_Z,_T,Y_GE25,_T,INST_T,L4T8,_Z,_T,_T,_T,_T,_Z,_Z,_Z,_Z,W00,W00,_Z,RW,2010,0.69165,0,A,A,5
EA,GPI,_Z,_Z,_T,Y_GE25,_T,INST_T,L4T8,_Z,_T,_T,_T,_T,_Z,_Z,_Z,_Z,W00,W00,_Z,RW,2012,0.52321,0,A,A,5
EA,GPI,_Z,_Z,_T,Y_GE25,_T,INST_T,L4T8,_Z,_T,_T,_T,_T,_Z,_Z,_Z,_Z,W00,W00,_Z,RW,2014,0.49624,0,A,A,5
EA,GPI,_Z,_Z,_T,Y_GE25,_T,INST_T,L4T8,_Z,_T,_T,_T,_T,_Z,_Z,_Z,_Z,W00,W00,_Z,RW,2018,0.68986,0,A,A,5
EA,GPI,_Z,_Z,_T,Y_GE25,_T,INST_T,L4T8,_Z,_T,_T,_T,_T,_Z,_Z,_Z,_Z,W00,W00,_Z,SA,2000,0.68455,0,A,A,5
EA,GPI,_Z,_Z,_T,Y_GE25,_T,INST_T,L4T8,_Z,_T,_T,_T,_T,_Z,_Z,_Z,_Z,W00,W00,_Z,SA,2004,0.99299,0,A,A,5
EA,GPI,_Z,_Z,_T,Y_GE25,_T,INST_T,L4T8,_Z,_T,_T,_T,_T,_Z,_Z,_Z,_Z,W00,W00,_Z,SA,2013,0.91565,0,A,A,5
EA,GPI,_Z,_Z,_T,Y_GE25,_T,INST_T,L4T8,_Z,_T,_T,_T,_T,_Z,_Z,_Z,_Z,W00,W00,_Z,SA,2017,0.96545,0,A,A,5
EA,GPI,_Z,_Z,_T,Y_GE25,_T,INST_T,L4T8,_Z,_T,_T,_T,_T,_Z,_Z,_Z,_Z,W00,W00,_Z,SE,2004,1.16626,0,A,A,5
EA,GPI,_Z,_Z,_T,Y_GE25,_T,INST_T,L4T8,_Z,_T,_T,_T,_T,_Z,_Z,_Z,_Z,W00,W00,_Z,SE,2005,1.17735,0,A,A,5
EA,GPI,_Z,_Z,_T,Y_GE25,_T,INST_T,L4T8,_Z,_T,_T,_T,_T,_Z,_Z,_Z,_Z,W00,W00,_Z,SE,2006,1.18863,0,A,A,5
EA,GPI,_Z,_Z,_T,Y_GE25,_T,INST_T,L4T8,_Z,_T,_T,_T,_T,_Z,_Z,_Z,_Z,W00,W00,_Z,SE,2007,1.19750,0,A,A,5
EA,GPI,_Z,_Z,_T,Y_GE25,_T,INST_T,L4T8,_Z,_T,_T,_T,_T,_Z,_Z,_Z,_Z,W00,W00,_Z,SE,2008,1.13962,0,A,A,5
EA,GPI,_Z,_Z,_T,Y_GE25,_T,INST_T,L4T8,_Z,_T,_T,_T,_T,_Z,_Z,_Z,_Z,W00,W00,_Z,SE,2009,1.14897,0,A,A,5
EA,GPI,_Z,_Z,_T,Y_GE25,_T,INST_T,L4T8,_Z,_T,_T,_T,_T,_Z,_Z,_Z,_Z,W00,W00,_Z,SE,2010,1.15726,0,A,A,5
EA,GPI,_Z,_Z,_T,Y_GE25,_T,INST_T,L4T8,_Z,_T,_T,_T,_T,_Z,_Z,_Z,_Z,W00,W00,_Z,SE,2011,1.16482,0,A,A,5
EA,GPI,_Z,_Z,_T,Y_GE25,_T,INST_T,L4T8,_Z,_T,_T,_T,_T,_Z,_Z,_Z,_Z,W00,W00,_Z,SE,2012,1.17427,0,A,A,5
EA,GPI,_Z,_Z,_T,Y_GE25,_T,INST_T,L4T8,_Z,_T,_T,_T,_T,_Z,_Z,_Z,_Z,W00,W00,_Z,SE,2013,1.18305,0,A,A,5
EA,GPI,_Z,_Z,_T,Y_GE25,_T,INST_T,L4T8,_Z,_T,_T,_T,_T,_Z,_Z,_Z,_Z,W00,W00,_Z,SE,2014,1.19037,0,A,A,5
EA,GPI,_Z,_Z,_T,Y_GE25,_T,INST_T,L4T8,_Z,_T,_T,_T,_T,_Z,_Z,_Z,_Z,W00,W00,_Z,SE,2015,1.19851,0,A,A,5
EA,GPI,_Z,_Z,_T,Y_GE25,_T,INST_T,L4T8,_Z,_T,_T,_T,_T,_Z,_Z,_Z,_Z,W00,W00,_Z,SE,2016,1.20610,0,A,A,5
EA,GPI,_Z,_Z,_T,Y_GE25,_T,INST_T,L4T8,_Z,_T,_T,_T,_T,_Z,_Z,_Z,_Z,W00,W00,_Z,SE,2017,1.21383,0,A,A,5
EA,GPI,_Z,_Z,_T,Y_GE25,_T,INST_T,L4T8,_Z,_T,_T,_T,_T,_Z,_Z,_Z,_Z,W00,W00,_Z,SG,2005,0.81222,0,A,A,5
EA,GPI,_Z,_Z,_T,Y_GE25,_T,INST_T,L4T8,_Z,_T,_T,_T,_T,_Z,_Z,_Z,_Z,W00,W00,_Z,SG,2006,0.80373,0,A,A,5
EA,GPI,_Z,_Z,_T,Y_GE25,_T,INST_T,L4T8,_Z,_T,_T,_T,_T,_Z,_Z,_Z,_Z,W00,W00,_Z,SG,2007,0.81752,0,A,A,5
EA,GPI,_Z,_Z,_T,Y_GE25,_T,INST_T,L4T8,_Z,_T,_T,_T,_T,_Z,_Z,_Z,_Z,W00,W00,_Z,SG,2008,0.80901,0,A,A,5
EA,GPI,_Z,_Z,_T,Y_GE25,_T,INST_T,L4T8,_Z,_T,_T,_T,_T,_Z,_Z,_Z,_Z,W00,W00,_Z,SG,2009,0.83538,0,A,A,5
EA,GPI,_Z,_Z,_T,Y_GE25,_T,INST_T,L4T8,_Z,_T,_T,_T,_T,_Z,_Z,_Z,_Z,W00,W00,_Z,SG,2010,0.83465,0,A,A,5
EA,GPI,_Z,_Z,_T,Y_GE25,_T,INST_T,L4T8,_Z,_T,_T,_T,_T,_Z,_Z,_Z,_Z,W00,W00,_Z,SG,2011,0.82563,0,A,A,5
EA,GPI,_Z,_Z,_T,Y_GE25,_T,INST_T,L4T8,_Z,_T,_T,_T,_T,_Z,_Z,_Z,_Z,W00,W00,_Z,SG,2012,0.82817,0,A,A,5
EA,GPI,_Z,_Z,_T,Y_GE25,_T,INST_T,L4T8,_Z,_T,_T,_T,_T,_Z,_Z,_Z,_Z,W00,W00,_Z,SG,2013,0.84106,0,A,A,5
EA,GPI,_Z,_Z,_T,Y_GE25,_T,INST_T,L4T8,_Z,_T,_T,_T,_T,_Z,_Z,_Z,_Z,W00,W00,_Z,SG,2014,0.84386,0,A,A,5
EA,GPI,_Z,_Z,_T,Y_GE25,_T,INST_T,L4T8,_Z,_T,_T,_T,_T,_Z,_Z,_Z,_Z,W00,W00,_Z,SG,2015,0.84858,0,A,A,5
EA,GPI,_Z,_Z,_T,Y_GE25,_T,INST_T,L4T8,_Z,_T,_T,_T,_T,_Z,_Z,_Z,_Z,W00,W00,_Z,SG,2016,0.84486,0,A,A,5
EA,GPI,_Z,_Z,_T,Y_GE25,_T,INST_T,L4T8,_Z,_T,_T,_T,_T,_Z,_Z,_Z,_Z,W00,W00,_Z,SG,2017,0.86018,0,A,A,5
EA,GPI,_Z,_Z,_T,Y_GE25,_T,INST_T,L4T8,_Z,_T,_T,_T,_T,_Z,_Z,_Z,_Z,W00,W00,_Z,SG,2018,0.85356,0,A,A,5
EA,GPI,_Z,_Z,_T,Y_GE25,_T,INST_T,L4T8,_Z,_T,_T,_T,_T,_Z,_Z,_Z,_Z,W00,W00,_Z,SI,2004,1.05102,0,A,A,5
EA,GPI,_Z,_Z,_T,Y_GE25,_T,INST_T,L4T8,_Z,_T,_T,_T,_T,_Z,_Z,_Z,_Z,W00,W00,_Z,SI,2005,1.06586,0,A,A,5
EA,GPI,_Z,_Z,_T,Y_GE25,_T,INST_T,L4T8,_Z,_T,_T,_T,_T,_Z,_Z,_Z,_Z,W00,W00,_Z,SI,2006,1.11373,0,A,A,5
EA,GPI,_Z,_Z,_T,Y_GE25,_T,INST_T,L4T8,_Z,_T,_T,_T,_T,_Z,_Z,_Z,_Z,W00,W00,_Z,SI,2007,1.18718,0,A,A,5
EA,GPI,_Z,_Z,_T,Y_GE25,_T,INST_T,L4T8,_Z,_T,_T,_T,_T,_Z,_Z,_Z,_Z,W00,W00,_Z,SI,2008,1.16115,0,A,A,5
EA,GPI,_Z,_Z,_T,Y_GE25,_T,INST_T,L4T8,_Z,_T,_T,_T,_T,_Z,_Z,_Z,_Z,W00,W00,_Z,SI,2009,1.21500,0,A,A,5
EA,GPI,_Z,_Z,_T,Y_GE25,_T,INST_T,L4T8,_Z,_T,_T,_T,_T,_Z,_Z,_Z,_Z,W00,W00,_Z,SI,2010,1.20188,0,A,A,5
EA,GPI,_Z,_Z,_T,Y_GE25,_T,INST_T,L4T8,_Z,_T,_T,_T,_T,_Z,_Z,_Z,_Z,W00,W00,_Z,SI,2011,1.24834,0,A,A,5
EA,GPI,_Z,_Z,_T,Y_GE25,_T,INST_T,L4T8,_Z,_T,_T,_T,_T,_Z,_Z,_Z,_Z,W00,W00,_Z,SI,2012,1.27165,0,A,A,5
EA,GPI,_Z,_Z,_T,Y_GE25,_T,INST_T,L4T8,_Z,_T,_T,_T,_T,_Z,_Z,_Z,_Z,W00,W00,_Z,SI,2013,1.24278,0,A,A,5
EA,GPI,_Z,_Z,_T,Y_GE25,_T,INST_T,L4T8,_Z,_T,_T,_T,_T,_Z,_Z,_Z,_Z,W00,W00,_Z,SI,2014,1.26649,0,A,A,5
EA,GPI,_Z,_Z,_T,Y_GE25,_T,INST_T,L4T8,_Z,_T,_T,_T,_T,_Z,_Z,_Z,_Z,W00,W00,_Z,SI,2015,1.30178,0,A,A,5
EA,GPI,_Z,_Z,_T,Y_GE25,_T,INST_T,L4T8,_Z,_T,_T,_T,_T,_Z,_Z,_Z,_Z,W00,W00,_Z,SI,2016,1.31497,0,A,A,5
EA,GPI,_Z,_Z,_T,Y_GE25,_T,INST_T,L4T8,_Z,_T,_T,_T,_T,_Z,_Z,_Z,_Z,W00,W00,_Z,SI,2017,1.29115,0,A,A,5
EA,GPI,_Z,_Z,_T,Y_GE25,_T,INST_T,L4T8,_Z,_T,_T,_T,_T,_Z,_Z,_Z,_Z,W00,W00,_Z,SK,2001,0.73924,0,A,A,5
EA,GPI,_Z,_Z,_T,Y_GE25,_T,INST_T,L4T8,_Z,_T,_T,_T,_T,_Z,_Z,_Z,_Z,W00,W00,_Z,SK,2011,1.05676,0,A,A,5
EA,GPI,_Z,_Z,_T,Y_GE25,_T,INST_T,L4T8,_Z,_T,_T,_T,_T,_Z,_Z,_Z,_Z,W00,W00,_Z,SK,2012,1.10153,0,A,A,5
EA,GPI,_Z,_Z,_T,Y_GE25,_T,INST_T,L4T8,_Z,_T,_T,_T,_T,_Z,_Z,_Z,_Z,W00,W00,_Z,SK,2013,1.07908,0,A,A,5
EA,GPI,_Z,_Z,_T,Y_GE25,_T,INST_T,L4T8,_Z,_T,_T,_T,_T,_Z,_Z,_Z,_Z,W00,W00,_Z,SK,2014,1.08188,0,A,A,5
EA,GPI,_Z,_Z,_T,Y_GE25,_T,INST_T,L4T8,_Z,_T,_T,_T,_T,_Z,_Z,_Z,_Z,W00,W00,_Z,SK,2015,1.12467,0,A,A,5
EA,GPI,_Z,_Z,_T,Y_GE25,_T,INST_T,L4T8,_Z,_T,_T,_T,_T,_Z,_Z,_Z,_Z,W00,W00,_Z,SK,2016,1.16995,0,A,A,5
EA,GPI,_Z,_Z,_T,Y_GE25,_T,INST_T,L4T8,_Z,_T,_T,_T,_T,_Z,_Z,_Z,_Z,W00,W00,_Z,SK,2017,1.17503,0,A,A,5
EA,GPI,_Z,_Z,_T,Y_GE25,_T,INST_T,L4T8,_Z,_T,_T,_T,_T,_Z,_Z,_Z,_Z,W00,W00,_Z,SM,2018,1.25541,0,A,A,5
EA,GPI,_Z,_Z,_T,Y_GE25,_T,INST_T,L4T8,_Z,_T,_T,_T,_T,_Z,_Z,_Z,_Z,W00,W00,_Z,SN,2006,0.31605,0,A,A,5
EA,GPI,_Z,_Z,_T,Y_GE25,_T,INST_T,L4T8,_Z,_T,_T,_T,_T,_Z,_Z,_Z,_Z,W00,W00,_Z,SN,2011,0.33641,0,A,A,5
EA,GPI,_Z,_Z,_T,Y_GE25,_T,INST_T,L4T8,_Z,_T,_T,_T,_T,_Z,_Z,_Z,_Z,W00,W00,_Z,SN,2013,0.42255,0,A,A,5
EA,GPI,_Z,_Z,_T,Y_GE25,_T,INST_T,L4T8,_Z,_T,_T,_T,_T,_Z,_Z,_Z,_Z,W00,W00,_Z,SN,2017,0.28720,0,A,A,5
EA,GPI,_Z,_Z,_T,Y_GE25,_T,INST_T,L4T8,_Z,_T,_T,_T,_T,_Z,_Z,_Z,_Z,W00,W00,_Z,SR,2004,0.74873,0,A,A,5
EA,GPI,_Z,_Z,_T,Y_GE25,_T,INST_T,L4T8,_Z,_T,_T,_T,_T,_Z,_Z,_Z,_Z,W00,W00,_Z,SS,2008,0.65410,0,A,A,5
EA,GPI,_Z,_Z,_T,Y_GE25,_T,INST_T,L4T8,_Z,_T,_T,_T,_T,_Z,_Z,_Z,_Z,W00,W00,_Z,ST,2012,0.49678,0,A,A,5
EA,GPI,_Z,_Z,_T,Y_GE25,_T,INST_T,L4T8,_Z,_T,_T,_T,_T,_Z,_Z,_Z,_Z,W00,W00,_Z,SV,2006,0.80884,0,A,A,5
EA,GPI,_Z,_Z,_T,Y_GE25,_T,INST_T,L4T8,_Z,_T,_T,_T,_T,_Z,_Z,_Z,_Z,W00,W00,_Z,SV,2007,0.78260,0,A,A,5
EA,GPI,_Z,_Z,_T,Y_GE25,_T,INST_T,L4T8,_Z,_T,_T,_T,_T,_Z,_Z,_Z,_Z,W00,W00,_Z,SV,2008,0.82949,0,A,A,5
EA,GPI,_Z,_Z,_T,Y_GE25,_T,INST_T,L4T8,_Z,_T,_T,_T,_T,_Z,_Z,_Z,_Z,W00,W00,_Z,SV,2009,0.91500,0,A,A,5
EA,GPI,_Z,_Z,_T,Y_GE25,_T,INST_T,L4T8,_Z,_T,_T,_T,_T,_Z,_Z,_Z,_Z,W00,W00,_Z,SV,2010,0.81317,0,A,A,5
EA,GPI,_Z,_Z,_T,Y_GE25,_T,INST_T,L4T8,_Z,_T,_T,_T,_T,_Z,_Z,_Z,_Z,W00,W00,_Z,SV,2011,0.86036,0,A,A,5
EA,GPI,_Z,_Z,_T,Y_GE25,_T,INST_T,L4T8,_Z,_T,_T,_T,_T,_Z,_Z,_Z,_Z,W00,W00,_Z,SV,2012,0.88351,0,A,A,5
EA,GPI,_Z,_Z,_T,Y_GE25,_T,INST_T,L4T8,_Z,_T,_T,_T,_T,_Z,_Z,_Z,_Z,W00,W00,_Z,SV,2013,0.91547,0,A,A,5
EA,GPI,_Z,_Z,_T,Y_GE25,_T,INST_T,L4T8,_Z,_T,_T,_T,_T,_Z,_Z,_Z,_Z,W00,W00,_Z,SV,2016,0.92865,0,A,A,5
EA,GPI,_Z,_Z,_T,Y_GE25,_T,INST_T,L4T8,_Z,_T,_T,_T,_T,_Z,_Z,_Z,_Z,W00,W00,_Z,SV,2017,0.93357,0,A,A,5
EA,GPI,_Z,_Z,_T,Y_GE25,_T,INST_T,L4T8,_Z,_T,_T,_T,_T,_Z,_Z,_Z,_Z,W00,W00,_Z,SY,2007,0.58143,0,A,A,5
EA,GPI,_Z,_Z,_T,Y_GE25,_T,INST_T,L4T8,_Z,_T,_T,_T,_T,_Z,_Z,_Z,_Z,W00,W00,_Z,SY,2008,0.68560,0,A,A,5
EA,GPI,_Z,_Z,_T,Y_GE25,_T,INST_T,L4T8,_Z,_T,_T,_T,_T,_Z,_Z,_Z,_Z,W00,W00,_Z,SY,2009,0.70828,0,A,A,5
EA,GPI,_Z,_Z,_T,Y_GE25,_T,INST_T,L4T8,_Z,_T,_T,_T,_T,_Z,_Z,_Z,_Z,W00,W00,_Z,TD,2004,0.16083,0,A,A,5
EA,GPI,_Z,_Z,_T,Y_GE25,_T,INST_T,L4T8,_Z,_T,_T,_T,_T,_Z,_Z,_Z,_Z,W00,W00,_Z,TG,2009,0.24420,0,A,A,5
EA,GPI,_Z,_Z,_T,Y_GE25,_T,INST_T,L4T8,_Z,_T,_T,_T,_T,_Z,_Z,_Z,_Z,W00,W00,_Z,TG,2011,0.14531,0,A,A,5
EA,GPI,_Z,_Z,_T,Y_GE25,_T,INST_T,L4T8,_Z,_T,_T,_T,_T,_Z,_Z,_Z,_Z,W00,W00,_Z,TH,2004,1.06876,0,A,A,5
EA,GPI,_Z,_Z,_T,Y_GE25,_T,INST_T,L4T8,_Z,_T,_T,_T,_T,_Z,_Z,_Z,_Z,W00,W00,_Z,TH,2006,1.05800,0,A,A,5
EA,GPI,_Z,_Z,_T,Y_GE25,_T,INST_T,L4T8,_Z,_T,_T,_T,_T,_Z,_Z,_Z,_Z,W00,W00,_Z,TH,2010,1.09241,0,A,A,5
EA,GPI,_Z,_Z,_T,Y_GE25,_T,INST_T,L4T8,_Z,_T,_T,_T,_T,_Z,_Z,_Z,_Z,W00,W00,_Z,TJ,2000,0.49551,0,A,A,5
EA,GPI,_Z,_Z,_T,Y_GE25,_T,INST_T,L4T8,_Z,_T,_T,_T,_T,_Z,_Z,_Z,_Z,W00,W00,_Z,TJ,2017,0.44505,0,A,A,5
EA,GPI,_Z,_Z,_T,Y_GE25,_T,INST_T,L4T8,_Z,_T,_T,_T,_T,_Z,_Z,_Z,_Z,W00,W00,_Z,TN,2008,0.71170,0,A,A,5
EA,GPI,_Z,_Z,_T,Y_GE25,_T,INST_T,L4T8,_Z,_T,_T,_T,_T,_Z,_Z,_Z,_Z,W00,W00,_Z,TN,2010,0.76064,0,A,A,5
EA,GPI,_Z,_Z,_T,Y_GE25,_T,INST_T,L4T8,_Z,_T,_T,_T,_T,_Z,_Z,_Z,_Z,W00,W00,_Z,TN,2011,0.75376,0,A,A,5
EA,GPI,_Z,_Z,_T,Y_GE25,_T,INST_T,L4T8,_Z,_T,_T,_T,_T,_Z,_Z,_Z,_Z,W00,W00,_Z,TN,2012,0.77787,0,A,A,5
EA,GPI,_Z,_Z,_T,Y_GE25,_T,INST_T,L4T8,_Z,_T,_T,_T,_T,_Z,_Z,_Z,_Z,W00,W00,_Z,TN,2016,0.95213,0,A,A,5
EA,GPI,_Z,_Z,_T,Y_GE25,_T,INST_T,L4T8,_Z,_T,_T,_T,_T,_Z,_Z,_Z,_Z,W00,W00,_Z,TO,2006,0.87915,0,A,A,5
EA,GPI,_Z,_Z,_T,Y_GE25,_T,INST_T,L4T8,_Z,_T,_T,_T,_T,_Z,_Z,_Z,_Z,W00,W00,_Z,TO,2011,0.90021,0,A,A,5
EA,GPI,_Z,_Z,_T,Y_GE25,_T,INST_T,L4T8,_Z,_T,_T,_T,_T,_Z,_Z,_Z,_Z,W00,W00,_Z,TR,2004,0.53314,0,A,A,5
EA,GPI,_Z,_Z,_T,Y_GE25,_T,INST_T,L4T8,_Z,_T,_T,_T,_T,_Z,_Z,_Z,_Z,W00,W00,_Z,TR,2005,0.54980,0,A,A,5
EA,GPI,_Z,_Z,_T,Y_GE25,_T,INST_T,L4T8,_Z,_T,_T,_T,_T,_Z,_Z,_Z,_Z,W00,W00,_Z,TR,2006,0.57026,0,A,A,5
EA,GPI,_Z,_Z,_T,Y_GE25,_T,INST_T,L4T8,_Z,_T,_T,_T,_T,_Z,_Z,_Z,_Z,W00,W00,_Z,TR,2007,0.57986,0,A,A,5
EA,GPI,_Z,_Z,_T,Y_GE25,_T,INST_T,L4T8,_Z,_T,_T,_T,_T,_Z,_Z,_Z,_Z,W00,W00,_Z,TR,2008,0.62707,0,A,A,5
EA,GPI,_Z,_Z,_T,Y_GE25,_T,INST_T,L4T8,_Z,_T,_T,_T,_T,_Z,_Z,_Z,_Z,W00,W00,_Z,TR,2009,0.64239,0,A,A,5
EA,GPI,_Z,_Z,_T,Y_GE25,_T,INST_T,L4T8,_Z,_T,_T,_T,_T,_Z,_Z,_Z,_Z,W00,W00,_Z,TR,2010,0.64634,0,A,A,5
EA,GPI,_Z,_Z,_T,Y_GE25,_T,INST_T,L4T8,_Z,_T,_T,_T,_T,_Z,_Z,_Z,_Z,W00,W00,_Z,TR,2011,0.65461,0,A,A,5
EA,GPI,_Z,_Z,_T,Y_GE25,_T,INST_T,L4T8,_Z,_T,_T,_T,_T,_Z,_Z,_Z,_Z,W00,W00,_Z,TR,2012,0.67323,0,A,A,5
EA,GPI,_Z,_Z,_T,Y_GE25,_T,INST_T,L4T8,_Z,_T,_T,_T,_T,_Z,_Z,_Z,_Z,W00,W00,_Z,TR,2013,0.69846,0,A,A,5
EA,GPI,_Z,_Z,_T,Y_GE25,_T,INST_T,L4T8,_Z,_T,_T,_T,_T,_Z,_Z,_Z,_Z,W00,W00,_Z,TR,2014,0.71577,0,A,A,5
EA,GPI,_Z,_Z,_T,Y_GE25,_T,INST_T,L4T8,_Z,_T,_T,_T,_T,_Z,_Z,_Z,_Z,W00,W00,_Z,TR,2015,0.73119,0,A,A,5
EA,GPI,_Z,_Z,_T,Y_GE25,_T,INST_T,L4T8,_Z,_T,_T,_T,_T,_Z,_Z,_Z,_Z,W00,W00,_Z,TR,2016,0.74942,0,A,A,5
EA,GPI,_Z,_Z,_T,Y_GE25,_T,INST_T,L4T8,_Z,_T,_T,_T,_T,_Z,_Z,_Z,_Z,W00,W00,_Z,TR,2017,0.76686,0,A,A,5
EA,GPI,_Z,_Z,_T,Y_GE25,_T,INST_T,L4T8,_Z,_T,_T,_T,_T,_Z,_Z,_Z,_Z,W00,W00,_Z,TT,2008,0.91479,0,A,A,5
EA,GPI,_Z,_Z,_T,Y_GE25,_T,INST_T,L4T8,_Z,_T,_T,_T,_T,_Z,_Z,_Z,_Z,W00,W00,_Z,TT,2009,0.91702,0,A,A,5
EA,GPI,_Z,_Z,_T,Y_GE25,_T,INST_T,L4T8,_Z,_T,_T,_T,_T,_Z,_Z,_Z,_Z,W00,W00,_Z,TT,2011,1.13756,0,A,A,5
EA,GPI,_Z,_Z,_T,Y_GE25,_T,INST_T,L4T8,_Z,_T,_T,_T,_T,_Z,_Z,_Z,_Z,W00,W00,_Z,TZ,2012,0.54151,0,A,A,5
EA,GPI,_Z,_Z,_T,Y_GE25,_T,INST_T,L4T8,_Z,_T,_T,_T,_T,_Z,_Z,_Z,_Z,W00,W00,_Z,UA,2001,1.10987,0,A,A,5
EA,GPI,_Z,_Z,_T,Y_GE25,_T,INST_T,L4T8,_Z,_T,_T,_T,_T,_Z,_Z,_Z,_Z,W00,W00,_Z,UG,2002,0.46821,0,A,A,5
EA,GPI,_Z,_Z,_T,Y_GE25,_T,INST_T,L4T8,_Z,_T,_T,_T,_T,_Z,_Z,_Z,_Z,W00,W00,_Z,UG,2008,1.03041,0,A,A,5
EA,GPI,_Z,_Z,_T,Y_GE25,_T,INST_T,L4T8,_Z,_T,_T,_T,_T,_Z,_Z,_Z,_Z,W00,W00,_Z,UG,2010,0.66382,0,A,A,5
EA,GPI,_Z,_Z,_T,Y_GE25,_T,INST_T,L4T8,_Z,_T,_T,_T,_T,_Z,_Z,_Z,_Z,W00,W00,_Z,UG,2012,0.49730,0,A,A,5
EA,GPI,_Z,_Z,_T,Y_GE25,_T,INST_T,L4T8,_Z,_T,_T,_T,_T,_Z,_Z,_Z,_Z,W00,W00,_Z,US,2004,0.95750,0,A,A,5
EA,GPI,_Z,_Z,_T,Y_GE25,_T,INST_T,L4T8,_Z,_T,_T,_T,_T,_Z,_Z,_Z,_Z,W00,W00,_Z,US,2005,0.98715,0,A,A,5
EA,GPI,_Z,_Z,_T,Y_GE25,_T,INST_T,L4T8,_Z,_T,_T,_T,_T,_Z,_Z,_Z,_Z,W00,W00,_Z,US,2006,1.00865,0,A,A,5
EA,GPI,_Z,_Z,_T,Y_GE25,_T,INST_T,L4T8,_Z,_T,_T,_T,_T,_Z,_Z,_Z,_Z,W00,W00,_Z,US,2008,1.00993,0,A,A,5
EA,GPI,_Z,_Z,_T,Y_GE25,_T,INST_T,L4T8,_Z,_T,_T,_T,_T,_Z,_Z,_Z,_Z,W00,W00,_Z,US,2009,1.02904,0,A,A,5
EA,GPI,_Z,_Z,_T,Y_GE25,_T,INST_T,L4T8,_Z,_T,_T,_T,_T,_Z,_Z,_Z,_Z,W00,W00,_Z,US,2010,1.04126,0,A,A,5
EA,GPI,_Z,_Z,_T,Y_GE25,_T,INST_T,L4T8,_Z,_T,_T,_T,_T,_Z,_Z,_Z,_Z,W00,W00,_Z,US,2011,1.03092,0,A,A,5
EA,GPI,_Z,_Z,_T,Y_GE25,_T,INST_T,L4T8,_Z,_T,_T,_T,_T,_Z,_Z,_Z,_Z,W00,W00,_Z,US,2012,1.02383,0,A,A,5
EA,GPI,_Z,_Z,_T,Y_GE25,_T,INST_T,L4T8,_Z,_T,_T,_T,_T,_Z,_Z,_Z,_Z,W00,W00,_Z,US,2013,1.03371,0,A,A,5
EA,GPI,_Z,_Z,_T,Y_GE25,_T,INST_T,L4T8,_Z,_T,_T,_T,_T,_Z,_Z,_Z,_Z,W00,W00,_Z,US,2014,1.05015,0,A,A,5
EA,GPI,_Z,_Z,_T,Y_GE25,_T,INST_T,L4T8,_Z,_T,_T,_T,_T,_Z,_Z,_Z,_Z,W00,W00,_Z,US,2015,1.05542,0,A,A,5
EA,GPI,_Z,_Z,_T,Y_GE25,_T,INST_T,L4T8,_Z,_T,_T,_T,_T,_Z,_Z,_Z,_Z,W00,W00,_Z,US,2016,1.05457,0,A,A,5
EA,GPI,_Z,_Z,_T,Y_GE25,_T,INST_T,L4T8,_Z,_T,_T,_T,_T,_Z,_Z,_Z,_Z,W00,W00,_Z,US,2018,1.06054,0,A,A,5
EA,GPI,_Z,_Z,_T,Y_GE25,_T,INST_T,L4T8,_Z,_T,_T,_T,_T,_Z,_Z,_Z,_Z,W00,W00,_Z,UY,2006,1.49556,0,A,A,5
EA,GPI,_Z,_Z,_T,Y_GE25,_T,INST_T,L4T8,_Z,_T,_T,_T,_T,_Z,_Z,_Z,_Z,W00,W00,_Z,UY,2008,1.31019,0,A,A,5
EA,GPI,_Z,_Z,_T,Y_GE25,_T,INST_T,L4T8,_Z,_T,_T,_T,_T,_Z,_Z,_Z,_Z,W00,W00,_Z,UY,2009,1.30308,0,A,A,5
EA,GPI,_Z,_Z,_T,Y_GE25,_T,INST_T,L4T8,_Z,_T,_T,_T,_T,_Z,_Z,_Z,_Z,W00,W00,_Z,UY,2010,1.28891,0,A,A,5
EA,GPI,_Z,_Z,_T,Y_GE25,_T,INST_T,L4T8,_Z,_T,_T,_T,_T,_Z,_Z,_Z,_Z,W00,W00,_Z,UY,2011,1.50394,0,A,A,5
EA,GPI,_Z,_Z,_T,Y_GE25,_T,INST_T,L4T8,_Z,_T,_T,_T,_T,_Z,_Z,_Z,_Z,W00,W00,_Z,UY,2012,1.52446,0,A,A,5
EA,GPI,_Z,_Z,_T,Y_GE25,_T,INST_T,L4T8,_Z,_T,_T,_T,_T,_Z,_Z,_Z,_Z,W00,W00,_Z,UY,2013,1.49406,0,A,A,5
EA,GPI,_Z,_Z,_T,Y_GE25,_T,INST_T,L4T8,_Z,_T,_T,_T,_T,_Z,_Z,_Z,_Z,W00,W00,_Z,UY,2014,1.51013,0,A,A,5
EA,GPI,_Z,_Z,_T,Y_GE25,_T,INST_T,L4T8,_Z,_T,_T,_T,_T,_Z,_Z,_Z,_Z,W00,W00,_Z,UY,2015,1.46260,0,A,A,5
EA,GPI,_Z,_Z,_T,Y_GE25,_T,INST_T,L4T8,_Z,_T,_T,_T,_T,_Z,_Z,_Z,_Z,W00,W00,_Z,UY,2016,1.57811,0,A,A,5
EA,GPI,_Z,_Z,_T,Y_GE25,_T,INST_T,L4T8,_Z,_T,_T,_T,_T,_Z,_Z,_Z,_Z,W00,W00,_Z,UY,2017,1.49782,0,A,A,5
EA,GPI,_Z,_Z,_T,Y_GE25,_T,INST_T,L4T8,_Z,_T,_T,_T,_T,_Z,_Z,_Z,_Z,W00,W00,_Z,UY,2018,1.48076,0,A,A,5
EA,GPI,_Z,_Z,_T,Y_GE25,_T,INST_T,L4T8,_Z,_T,_T,_T,_T,_Z,_Z,_Z,_Z,W00,W00,_Z,UZ,2013,0.82037,0,A,A,5
EA,GPI,_Z,_Z,_T,Y_GE25,_T,INST_T,L4T8,_Z,_T,_T,_T,_T,_Z,_Z,_Z,_Z,W00,W00,_Z,UZ,2014,0.84756,0,A,A,5
EA,GPI,_Z,_Z,_T,Y_GE25,_T,INST_T,L4T8,_Z,_T,_T,_T,_T,_Z,_Z,_Z,_Z,W00,W00,_Z,UZ,2015,0.84773,0,A,A,5
EA,GPI,_Z,_Z,_T,Y_GE25,_T,INST_T,L4T8,_Z,_T,_T,_T,_T,_Z,_Z,_Z,_Z,W00,W00,_Z,UZ,2016,0.87957,0,A,A,5
EA,GPI,_Z,_Z,_T,Y_GE25,_T,INST_T,L4T8,_Z,_T,_T,_T,_T,_Z,_Z,_Z,_Z,W00,W00,_Z,VC,2017,0.93268,0,A,A,5
EA,GPI,_Z,_Z,_T,Y_GE25,_T,INST_T,L4T8,_Z,_T,_T,_T,_T,_Z,_Z,_Z,_Z,W00,W00,_Z,VE,2006,1.28231,0,A,A,5
EA,GPI,_Z,_Z,_T,Y_GE25,_T,INST_T,L4T8,_Z,_T,_T,_T,_T,_Z,_Z,_Z,_Z,W00,W00,_Z,VE,2007,1.32839,0,A,A,5
EA,GPI,_Z,_Z,_T,Y_GE25,_T,INST_T,L4T8,_Z,_T,_T,_T,_T,_Z,_Z,_Z,_Z,W00,W00,_Z,VE,2008,1.37319,0,A,A,5
EA,GPI,_Z,_Z,_T,Y_GE25,_T,INST_T,L4T8,_Z,_T,_T,_T,_T,_Z,_Z,_Z,_Z,W00,W00,_Z,VE,2009,1.38581,0,A,A,5
EA,GPI,_Z,_Z,_T,Y_GE25,_T,INST_T,L4T8,_Z,_T,_T,_T,_T,_Z,_Z,_Z,_Z,W00,W00,_Z,VE,2011,1.40903,0,A,A,5
EA,GPI,_Z,_Z,_T,Y_GE25,_T,INST_T,L4T8,_Z,_T,_T,_T,_T,_Z,_Z,_Z,_Z,W00,W00,_Z,VE,2015,1.36827,0,A,A,5
EA,GPI,_Z,_Z,_T,Y_GE25,_T,INST_T,L4T8,_Z,_T,_T,_T,_T,_Z,_Z,_Z,_Z,W00,W00,_Z,VE,2016,1.28618,0,A,A,5
EA,GPI,_Z,_Z,_T,Y_GE25,_T,INST_T,L4T8,_Z,_T,_T,_T,_T,_Z,_Z,_Z,_Z,W00,W00,_Z,VN,2009,0.70718,0,A,A,5
EA,GPI,_Z,_Z,_T,Y_GE25,_T,INST_T,L4T8,_Z,_T,_T,_T,_T,_Z,_Z,_Z,_Z,W00,W00,_Z,WS,2001,0.79712,0,A,A,5
EA,GPI,_Z,_Z,_T,Y_GE25,_T,INST_T,L4T8,_Z,_T,_T,_T,_T,_Z,_Z,_Z,_Z,W00,W00,_Z,WS,2011,0.99366,0,A,A,5
EA,GPI,_Z,_Z,_T,Y_GE25,_T,INST_T,L4T8,_Z,_T,_T,_T,_T,_Z,_Z,_Z,_Z,W00,W00,_Z,ZA,2001,0.89498,0,A,A,5
EA,GPI,_Z,_Z,_T,Y_GE25,_T,INST_T,L4T8,_Z,_T,_T,_T,_T,_Z,_Z,_Z,_Z,W00,W00,_Z,ZA,2002,0.88595,0,A,A,5
EA,GPI,_Z,_Z,_T,Y_GE25,_T,INST_T,L4T8,_Z,_T,_T,_T,_T,_Z,_Z,_Z,_Z,W00,W00,_Z,ZA,2003,0.92126,0,A,A,5
EA,GPI,_Z,_Z,_T,Y_GE25,_T,INST_T,L4T8,_Z,_T,_T,_T,_T,_Z,_Z,_Z,_Z,W00,W00,_Z,ZA,2004,0.92335,0,A,A,5
EA,GPI,_Z,_Z,_T,Y_GE25,_T,INST_T,L4T8,_Z,_T,_T,_T,_T,_Z,_Z,_Z,_Z,W00,W00,_Z,ZA,2005,0.87164,0,A,A,5
EA,GPI,_Z,_Z,_T,Y_GE25,_T,INST_T,L4T8,_Z,_T,_T,_T,_T,_Z,_Z,_Z,_Z,W00,W00,_Z,ZA,2006,0.94777,0,A,A,5
EA,GPI,_Z,_Z,_T,Y_GE25,_T,INST_T,L4T8,_Z,_T,_T,_T,_T,_Z,_Z,_Z,_Z,W00,W00,_Z,ZA,2007,0.86240,0,A,A,5
EA,GPI,_Z,_Z,_T,Y_GE25,_T,INST_T,L4T8,_Z,_T,_T,_T,_T,_Z,_Z,_Z,_Z,W00,W00,_Z,ZA,2008,0.92505,0,A,A,5
EA,GPI,_Z,_Z,_T,Y_GE25,_T,INST_T,L4T8,_Z,_T,_T,_T,_T,_Z,_Z,_Z,_Z,W00,W00,_Z,ZA,2009,0.94469,0,A,A,5
EA,GPI,_Z,_Z,_T,Y_GE25,_T,INST_T,L4T8,_Z,_T,_T,_T,_T,_Z,_Z,_Z,_Z,W00,W00,_Z,ZA,2010,0.89995,0,A,A,5
EA,GPI,_Z,_Z,_T,Y_GE25,_T,INST_T,L4T8,_Z,_T,_T,_T,_T,_Z,_Z,_Z,_Z,W00,W00,_Z,ZA,2011,0.93278,0,A,A,5
EA,GPI,_Z,_Z,_T,Y_GE25,_T,INST_T,L4T8,_Z,_T,_T,_T,_T,_Z,_Z,_Z,_Z,W00,W00,_Z,ZA,2012,0.91352,0,A,A,5
EA,GPI,_Z,_Z,_T,Y_GE25,_T,INST_T,L4T8,_Z,_T,_T,_T,_T,_Z,_Z,_Z,_Z,W00,W00,_Z,ZA,2014,0.97117,0,A,A,5
EA,GPI,_Z,_Z,_T,Y_GE25,_T,INST_T,L4T8,_Z,_T,_T,_T,_T,_Z,_Z,_Z,_Z,W00,W00,_Z,ZA,2015,0.96793,0,A,A,5
EA,GPI,_Z,_Z,_T,Y_GE25,_T,INST_T,L4T8,_Z,_T,_T,_T,_T,_Z,_Z,_Z,_Z,W00,W00,_Z,ZA,2017,0.99918,0,A,A,5
EA,GPI,_Z,_Z,_T,Y_GE25,_T,INST_T,L4T8,_Z,_T,_T,_T,_T,_Z,_Z,_Z,_Z,W00,W00,_Z,ZW,2002,0.45039,0,A,A,5
EA,GPI,_Z,_Z,_T,Y_GE25,_T,INST_T,L4T8,_Z,_T,_T,_T,_T,_Z,_Z,_Z,_Z,W00,W00,_Z,ZW,2012,0.53302,0,A,A,5
EA,GPI,_Z,_Z,_T,Y_GE25,_T,INST_T,L4T8,_Z,_T,_T,_T,_T,_Z,_Z,_Z,_Z,W00,W00,_Z,ZW,2014,0.65245,0,A,A,5
EA,GPI,_Z,_Z,_T,Y_GE25,_T,INST_T,L4T8,_Z,_T,_T,_T,_T,_Z,_Z,_Z,_Z,W00,W00,_Z,ZW,2017,0.67809,0,A,A,5
